scenario,seed,method,mc_revenue,analytical_R
0,0,random_valid,72323.4972,50763.3829
0,0,perimeter_only,72131.7993,51159.7369
0,0,popularity_rank,72588.1277,51966.3847
0,0,greedy_swap,72588.1277,51966.3847
0,0,oracle,72526.5667,52428.2016
0,0,random_search,72990.7402,51740.8779
0,0,simulated_annealing,73267.5068,52182.5056
0,0,GA,73086.8086,51752.0422
0,1,random_valid,72380.1523,50763.3829
0,1,perimeter_only,72187.8071,51159.7369
0,1,popularity_rank,72646.3730,51966.3847
0,1,greedy_swap,72646.3730,51966.3847
0,1,oracle,72584.5545,52428.2016
0,1,random_search,73055.0715,51915.3493
0,1,simulated_annealing,73294.3592,52146.9309
0,1,GA,73285.9867,51628.3196
0,2,random_valid,72316.3200,50763.3829
0,2,perimeter_only,72124.3602,51159.7369
0,2,popularity_rank,72579.5362,51966.3847
0,2,greedy_swap,72579.5362,51966.3847
0,2,oracle,72517.4893,52428.2016
0,2,random_search,72963.0359,51935.8062
0,2,simulated_annealing,73239.5586,52206.8520
0,2,GA,73244.0164,51916.4881
0,3,random_valid,72276.4991,50763.3829
0,3,perimeter_only,72083.1769,51159.7369
0,3,popularity_rank,72540.0851,51966.3847
0,3,greedy_swap,72540.0851,51966.3847
0,3,oracle,72478.4982,52428.2016
0,3,random_search,72935.6431,51876.6890
0,3,simulated_annealing,73257.1444,51980.4198
0,3,GA,73193.4812,51854.4303
0,4,random_valid,72315.9585,50763.3829
0,4,perimeter_only,72124.0271,51159.7369
0,4,popularity_rank,72582.3086,51966.3847
0,4,greedy_swap,72582.3086,51966.3847
0,4,oracle,72519.8523,52428.2016
0,4,random_search,72963.4638,51854.2150
0,4,simulated_annealing,73245.1297,52166.7116
0,4,GA,73250.0141,51803.7900
0,5,random_valid,72322.2197,50763.3829
0,5,perimeter_only,72131.5751,51159.7369
0,5,popularity_rank,72587.5102,51966.3847
0,5,greedy_swap,72587.5102,51966.3847
0,5,oracle,72525.2953,52428.2016
0,5,random_search,72976.8410,51874.0646
0,5,simulated_annealing,73225.1084,52157.2802
0,5,GA,73074.6678,51729.3767
0,6,random_valid,72288.5465,50763.3829
0,6,perimeter_only,72095.9841,51159.7369
0,6,popularity_rank,72551.2312,51966.3847
0,6,greedy_swap,72551.2312,51966.3847
0,6,oracle,72490.4963,52428.2016
0,6,random_search,72939.3179,51647.8933
0,6,simulated_annealing,73202.9669,52178.5776
0,6,GA,73227.3646,51889.2513
0,7,random_valid,72325.5656,50763.3829
0,7,perimeter_only,72132.9288,51159.7369
0,7,popularity_rank,72591.2225,51966.3847
0,7,greedy_swap,72591.2225,51966.3847
0,7,oracle,72529.0177,52428.2016
0,7,random_search,72975.9163,51895.6605
0,7,simulated_annealing,73250.4015,52240.5128
0,7,GA,73267.4923,51832.7166
0,8,random_valid,72372.9292,50763.3829
0,8,perimeter_only,72181.0584,51159.7369
0,8,popularity_rank,72637.2527,51966.3847
0,8,greedy_swap,72637.2527,51966.3847
0,8,oracle,72575.8705,52428.2016
0,8,random_search,73010.4668,52170.7636
0,8,simulated_annealing,73309.5394,52180.5061
0,8,GA,73291.1079,51764.4160
0,9,random_valid,72295.2595,50763.3829
0,9,perimeter_only,72102.1281,51159.7369
0,9,popularity_rank,72559.0497,51966.3847
0,9,greedy_swap,72559.0497,51966.3847
0,9,oracle,72496.5270,52428.2016
0,9,random_search,73022.4162,51929.5020
0,9,simulated_annealing,73273.4009,52076.2723
0,9,GA,73109.1848,51890.9991
1,0,random_valid,109594.2806,76911.7561
1,0,perimeter_only,109238.8041,77054.0942
1,0,popularity_rank,109646.0939,76691.6466
1,0,greedy_swap,109712.0614,77103.9511
1,0,oracle,109829.3403,78067.1652
1,0,random_search,109970.9350,76997.5612
1,0,simulated_annealing,110441.4002,77645.2048
1,0,GA,110260.6720,77125.1150
1,1,random_valid,109455.2535,76911.7561
1,1,perimeter_only,109100.0414,77054.0942
1,1,popularity_rank,109508.4700,76691.6466
1,1,greedy_swap,109574.6343,77103.9511
1,1,oracle,109693.7691,78067.1652
1,1,random_search,109863.0832,77178.2676
1,1,simulated_annealing,110365.4742,77254.2093
1,1,GA,110172.5205,77130.5943
1,2,random_valid,109623.8946,76911.7561
1,2,perimeter_only,109266.1770,77054.0942
1,2,popularity_rank,109674.3508,76691.6466
1,2,greedy_swap,109739.4444,77103.9511
1,2,oracle,109857.7783,78067.1652
1,2,random_search,109974.4356,77139.8964
1,2,simulated_annealing,110420.8600,77357.1468
1,2,GA,110313.8252,76709.5724
1,3,random_valid,109558.4715,76911.7561
1,3,perimeter_only,109199.5829,77054.0942
1,3,popularity_rank,109610.5639,76691.6466
1,3,greedy_swap,109675.1532,77103.9511
1,3,oracle,109794.3636,78067.1652
1,3,random_search,109919.6386,76640.5478
1,3,simulated_annealing,110429.9869,77287.7437
1,3,GA,110240.8292,76981.3741
1,4,random_valid,109495.3030,76911.7561
1,4,perimeter_only,109145.4650,77054.0942
1,4,popularity_rank,109549.0308,76691.6466
1,4,greedy_swap,109613.3665,77103.9511
1,4,oracle,109731.9460,78067.1652
1,4,random_search,109815.0212,76870.1784
1,4,simulated_annealing,110364.6677,77335.9578
1,4,GA,110173.0991,76760.6298
1,5,random_valid,109462.7429,76911.7561
1,5,perimeter_only,109102.3380,77054.0942
1,5,popularity_rank,109517.9257,76691.6466
1,5,greedy_swap,109581.1029,77103.9511
1,5,oracle,109702.3650,78067.1652
1,5,random_search,109854.2802,76941.8495
1,5,simulated_annealing,110330.3589,77220.2576
1,5,GA,110275.3812,77177.3717
1,6,random_valid,109627.1863,76911.7561
1,6,perimeter_only,109269.3451,77054.0942
1,6,popularity_rank,109680.1687,76691.6466
1,6,greedy_swap,109744.1880,77103.9511
1,6,oracle,109862.1853,78067.1652
1,6,random_search,109990.3313,77355.8228
1,6,simulated_annealing,110511.4675,77269.5051
1,6,GA,110271.0670,76616.2458
1,7,random_valid,109471.3077,76911.7561
1,7,perimeter_only,109113.3470,77054.0942
1,7,popularity_rank,109525.9815,76691.6466
1,7,greedy_swap,109590.0508,77103.9511
1,7,oracle,109707.8666,78067.1652
1,7,random_search,109902.5351,77104.5273
1,7,simulated_annealing,110344.2584,77508.9072
1,7,GA,110273.1653,77139.4032
1,8,random_valid,109554.1650,76911.7561
1,8,perimeter_only,109199.2320,77054.0942
1,8,popularity_rank,109605.7091,76691.6466
1,8,greedy_swap,109671.4544,77103.9511
1,8,oracle,109790.5140,78067.1652
1,8,random_search,110020.8441,77386.1207
1,8,simulated_annealing,110428.4772,77348.5870
1,8,GA,110204.9910,76941.9471
1,9,random_valid,109476.5312,76911.7561
1,9,perimeter_only,109122.0052,77054.0942
1,9,popularity_rank,109528.8729,76691.6466
1,9,greedy_swap,109592.8955,77103.9511
1,9,oracle,109711.6354,78067.1652
1,9,random_search,109825.0009,76628.1889
1,9,simulated_annealing,110373.1058,77251.4468
1,9,GA,110281.6298,76789.8282
2,0,random_valid,92661.7053,59752.5867
2,0,perimeter_only,92840.0676,60863.1189
2,0,popularity_rank,92524.7774,60344.5932
2,0,greedy_swap,92795.8489,60555.8134
2,0,oracle,93059.1763,61134.4573
2,0,random_search,93085.9293,60718.5308
2,0,simulated_annealing,93375.4990,60691.8863
2,0,GA,93489.6811,60828.0495
2,1,random_valid,92681.9541,59752.5867
2,1,perimeter_only,92862.1116,60863.1189
2,1,popularity_rank,92546.4701,60344.5932
2,1,greedy_swap,92817.6619,60555.8134
2,1,oracle,93081.3317,61134.4573
2,1,random_search,93077.8977,60885.7687
2,1,simulated_annealing,93508.8679,60878.0851
2,1,GA,93461.6205,60627.1935
2,2,random_valid,92650.0199,59752.5867
2,2,perimeter_only,92827.0691,60863.1189
2,2,popularity_rank,92514.8657,60344.5932
2,2,greedy_swap,92782.8845,60555.8134
2,2,oracle,93045.6555,61134.4573
2,2,random_search,93012.4511,59694.5163
2,2,simulated_annealing,93308.1520,60814.2943
2,2,GA,93361.0988,59817.5682
2,3,random_valid,92615.4128,59752.5867
2,3,perimeter_only,92794.5478,60863.1189
2,3,popularity_rank,92483.4286,60344.5932
2,3,greedy_swap,92750.5197,60555.8134
2,3,oracle,93011.4841,61134.4573
2,3,random_search,93044.8469,60569.4721
2,3,simulated_annealing,93348.0512,60683.2380
2,3,GA,93263.3996,60031.8776
2,4,random_valid,92700.8080,59752.5867
2,4,perimeter_only,92879.6592,60863.1189
2,4,popularity_rank,92566.3463,60344.5932
2,4,greedy_swap,92835.2031,60555.8134
2,4,oracle,93097.9640,61134.4573
2,4,random_search,93094.7839,60743.8850
2,4,simulated_annealing,93402.6306,60732.7814
2,4,GA,93349.4273,60137.8712
2,5,random_valid,92745.0338,59752.5867
2,5,perimeter_only,92924.3236,60863.1189
2,5,popularity_rank,92610.8041,60344.5932
2,5,greedy_swap,92879.8849,60555.8134
2,5,oracle,93141.4757,61134.4573
2,5,random_search,93067.6870,60445.8667
2,5,simulated_annealing,93472.5802,60705.1301
2,5,GA,93537.2238,60864.9688
2,6,random_valid,92721.9018,59752.5867
2,6,perimeter_only,92901.5898,60863.1189
2,6,popularity_rank,92586.8948,60344.5932
2,6,greedy_swap,92857.1721,60555.8134
2,6,oracle,93121.7383,61134.4573
2,6,random_search,93203.0718,60729.6849
2,6,simulated_annealing,93445.8522,60721.2769
2,6,GA,93438.5338,59732.8822
2,7,random_valid,92667.5986,59752.5867
2,7,perimeter_only,92847.3371,60863.1189
2,7,popularity_rank,92532.1841,60344.5932
2,7,greedy_swap,92803.1865,60555.8134
2,7,oracle,93071.1284,61134.4573
2,7,random_search,93044.5920,60766.3313
2,7,simulated_annealing,93360.6736,60622.4660
2,7,GA,93466.3495,60867.5747
2,8,random_valid,92666.2510,59752.5867
2,8,perimeter_only,92845.7995,60863.1189
2,8,popularity_rank,92531.3959,60344.5932
2,8,greedy_swap,92801.7759,60555.8134
2,8,oracle,93066.5837,61134.4573
2,8,random_search,93124.6440,60925.9848
2,8,simulated_annealing,93472.7597,60825.2397
2,8,GA,93379.7494,60231.6469
2,9,random_valid,92731.4360,59752.5867
2,9,perimeter_only,92910.9150,60863.1189
2,9,popularity_rank,92597.6222,60344.5932
2,9,greedy_swap,92866.4236,60555.8134
2,9,oracle,93128.8037,61134.4573
2,9,random_search,93072.9350,60647.6877
2,9,simulated_annealing,93591.0055,60866.1238
2,9,GA,93379.3011,59768.3665
3,0,random_valid,76147.3514,54409.5178
3,0,perimeter_only,76133.8117,54296.7357
3,0,popularity_rank,76060.2994,54522.1601
3,0,greedy_swap,76268.1405,54644.4111
3,0,oracle,76373.0676,55109.4046
3,0,random_search,76590.4906,54519.2273
3,0,simulated_annealing,76680.9521,54439.9040
3,0,GA,76736.1513,54285.9322
3,1,random_valid,76232.4899,54409.5178
3,1,perimeter_only,76218.8978,54296.7357
3,1,popularity_rank,76146.4281,54522.1601
3,1,greedy_swap,76354.7306,54644.4111
3,1,oracle,76459.4120,55109.4046
3,1,random_search,76616.0222,54368.4278
3,1,simulated_annealing,76945.5888,54476.0966
3,1,GA,76857.7152,54328.4444
3,2,random_valid,76281.3462,54409.5178
3,2,perimeter_only,76267.3688,54296.7357
3,2,popularity_rank,76195.0901,54522.1601
3,2,greedy_swap,76401.7103,54644.4111
3,2,oracle,76506.4200,55109.4046
3,2,random_search,76700.0109,54483.6081
3,2,simulated_annealing,77010.5244,54380.5820
3,2,GA,76829.0075,54251.0217
3,3,random_valid,76185.6893,54409.5178
3,3,perimeter_only,76172.1568,54296.7357
3,3,popularity_rank,76099.6034,54522.1601
3,3,greedy_swap,76308.0636,54644.4111
3,3,oracle,76413.1699,55109.4046
3,3,random_search,76636.9762,54627.6905
3,3,simulated_annealing,76744.0756,54257.1160
3,3,GA,76760.8996,54225.3971
3,4,random_valid,76224.3312,54409.5178
3,4,perimeter_only,76210.6388,54296.7357
3,4,popularity_rank,76138.3824,54522.1601
3,4,greedy_swap,76345.4181,54644.4111
3,4,oracle,76452.3279,55109.4046
3,4,random_search,76723.1727,54533.2178
3,4,simulated_annealing,76755.5523,54510.0780
3,4,GA,76841.4673,54325.4628
3,5,random_valid,76197.5584,54409.5178
3,5,perimeter_only,76183.6782,54296.7357
3,5,popularity_rank,76109.5831,54522.1601
3,5,greedy_swap,76317.2130,54644.4111
3,5,oracle,76420.7818,55109.4046
3,5,random_search,76618.7505,54462.8301
3,5,simulated_annealing,76764.5679,54285.8896
3,5,GA,76751.9080,54302.2771
3,6,random_valid,76223.3229,54409.5178
3,6,perimeter_only,76209.3548,54296.7357
3,6,popularity_rank,76136.0997,54522.1601
3,6,greedy_swap,76342.3493,54644.4111
3,6,oracle,76446.3160,55109.4046
3,6,random_search,76641.0897,54636.8056
3,6,simulated_annealing,76663.6933,54428.0255
3,6,GA,76853.8324,54252.6154
3,7,random_valid,76154.4113,54409.5178
3,7,perimeter_only,76140.7730,54296.7357
3,7,popularity_rank,76066.9754,54522.1601
3,7,greedy_swap,76276.4193,54644.4111
3,7,oracle,76380.5872,55109.4046
3,7,random_search,76575.3517,54391.6356
3,7,simulated_annealing,76660.1043,54417.4688
3,7,GA,76850.5497,54272.2116
3,8,random_valid,76252.6027,54409.5178
3,8,perimeter_only,76238.7861,54296.7357
3,8,popularity_rank,76166.0572,54522.1601
3,8,greedy_swap,76372.9545,54644.4111
3,8,oracle,76478.9591,55109.4046
3,8,random_search,76700.7722,54337.0801
3,8,simulated_annealing,76821.1884,54387.8456
3,8,GA,76769.3044,54521.5456
3,9,random_valid,76197.1147,54409.5178
3,9,perimeter_only,76183.2313,54296.7357
3,9,popularity_rank,76110.1777,54522.1601
3,9,greedy_swap,76317.7026,54644.4111
3,9,oracle,76424.2969,55109.4046
3,9,random_search,76648.4200,54456.0625
3,9,simulated_annealing,76766.1965,54466.6566
3,9,GA,76953.2051,54339.0264
4,0,random_valid,105554.9268,95349.1789
4,0,perimeter_only,105473.5592,94994.7309
4,0,popularity_rank,105208.4612,94535.0922
4,0,greedy_swap,105517.5920,95334.5896
4,0,oracle,106033.8832,96771.1706
4,0,random_search,106049.6519,95635.7612
4,0,simulated_annealing,106459.0570,95436.7129
4,0,GA,106388.2379,95860.6007
4,1,random_valid,105687.9202,95349.1789
4,1,perimeter_only,105606.3999,94994.7309
4,1,popularity_rank,105344.1743,94535.0922
4,1,greedy_swap,105650.3063,95334.5896
4,1,oracle,106169.7720,96771.1706
4,1,random_search,106301.1498,95188.4327
4,1,simulated_annealing,106651.3643,95712.8895
4,1,GA,106658.9292,95847.0740
4,2,random_valid,105599.7449,95349.1789
4,2,perimeter_only,105517.4147,94994.7309
4,2,popularity_rank,105253.5546,94535.0922
4,2,greedy_swap,105562.3340,95334.5896
4,2,oracle,106078.8684,96771.1706
4,2,random_search,106143.0274,94643.1466
4,2,simulated_annealing,106595.3467,95736.8865
4,2,GA,106611.9965,96022.3957
4,3,random_valid,105606.9724,95349.1789
4,3,perimeter_only,105528.1415,94994.7309
4,3,popularity_rank,105257.7214,94535.0922
4,3,greedy_swap,105569.2067,95334.5896
4,3,oracle,106084.0554,96771.1706
4,3,random_search,106045.0695,95876.2349
4,3,simulated_annealing,106461.0320,95827.3980
4,3,GA,106575.1027,95802.5484
4,4,random_valid,105699.2568,95349.1789
4,4,perimeter_only,105617.9852,94994.7309
4,4,popularity_rank,105354.5613,94535.0922
4,4,greedy_swap,105661.8100,95334.5896
4,4,oracle,106180.0996,96771.1706
4,4,random_search,106114.4066,94609.7506
4,4,simulated_annealing,106726.0165,95999.0707
4,4,GA,106677.6475,95766.1805
4,5,random_valid,105622.4463,95349.1789
4,5,perimeter_only,105542.4274,94994.7309
4,5,popularity_rank,105276.7849,94535.0922
4,5,greedy_swap,105585.1275,95334.5896
4,5,oracle,106102.7349,96771.1706
4,5,random_search,106119.8612,94748.7702
4,5,simulated_annealing,106480.0571,95915.1993
4,5,GA,106413.0126,95238.8224
4,6,random_valid,105736.5248,95349.1789
4,6,perimeter_only,105655.2028,94994.7309
4,6,popularity_rank,105389.9351,94535.0922
4,6,greedy_swap,105699.2192,95334.5896
4,6,oracle,106214.5224,96771.1706
4,6,random_search,106298.8678,94756.0558
4,6,simulated_annealing,106390.7648,95862.3806
4,6,GA,106743.4049,95985.4118
4,7,random_valid,105586.3209,95349.1789
4,7,perimeter_only,105505.0423,94994.7309
4,7,popularity_rank,105244.4859,94535.0922
4,7,greedy_swap,105549.0352,95334.5896
4,7,oracle,106064.7914,96771.1706
4,7,random_search,106055.0115,94727.2469
4,7,simulated_annealing,106403.0842,95340.4515
4,7,GA,106596.9750,95983.9910
4,8,random_valid,105473.4194,95349.1789
4,8,perimeter_only,105393.0205,94994.7309
4,8,popularity_rank,105128.9974,94535.0922
4,8,greedy_swap,105436.4049,95334.5896
4,8,oracle,105949.2724,96771.1706
4,8,random_search,106050.0994,95386.4003
4,8,simulated_annealing,106475.6884,95968.9154
4,8,GA,106264.1352,95597.8128
4,9,random_valid,105646.8845,95349.1789
4,9,perimeter_only,105564.9012,94994.7309
4,9,popularity_rank,105300.7045,94535.0922
4,9,greedy_swap,105609.3768,95334.5896
4,9,oracle,106129.2314,96771.1706
4,9,random_search,106247.7473,94892.2638
4,9,simulated_annealing,106703.8902,96142.1097
4,9,GA,106613.8266,95920.5090
5,0,random_valid,93267.2237,78517.4665
5,0,perimeter_only,93313.6128,78983.9170
5,0,popularity_rank,93083.4538,78773.2338
5,0,greedy_swap,93216.8365,79118.9838
5,0,oracle,93606.5794,80033.6156
5,0,random_search,93629.5239,78424.9451
5,0,simulated_annealing,93954.2465,79642.9294
5,0,GA,94050.2648,79898.1366
5,1,random_valid,93351.6089,78517.4665
5,1,perimeter_only,93400.8409,78983.9170
5,1,popularity_rank,93167.8452,78773.2338
5,1,greedy_swap,93300.8571,79118.9838
5,1,oracle,93696.5604,80033.6156
5,1,random_search,93711.4776,78450.6423
5,1,simulated_annealing,94077.3245,79663.9058
5,1,GA,94068.6998,79271.1476
5,2,random_valid,93311.1346,78517.4665
5,2,perimeter_only,93358.3755,78983.9170
5,2,popularity_rank,93127.9394,78773.2338
5,2,greedy_swap,93260.0631,79118.9838
5,2,oracle,93652.8411,80033.6156
5,2,random_search,93653.5459,78477.0663
5,2,simulated_annealing,93945.0680,79283.5834
5,2,GA,93984.9141,79323.9305
5,3,random_valid,93355.6484,78517.4665
5,3,perimeter_only,93402.4752,78983.9170
5,3,popularity_rank,93171.4605,78773.2338
5,3,greedy_swap,93304.8409,79118.9838
5,3,oracle,93696.5676,80033.6156
5,3,random_search,93759.0509,78956.5524
5,3,simulated_annealing,94140.2968,79583.5603
5,3,GA,94068.1116,79643.4285
5,4,random_valid,93353.7194,78517.4665
5,4,perimeter_only,93400.0869,78983.9170
5,4,popularity_rank,93170.6864,78773.2338
5,4,greedy_swap,93302.4293,79118.9838
5,4,oracle,93694.3926,80033.6156
5,4,random_search,93666.0663,78843.2210
5,4,simulated_annealing,94003.1453,79298.9680
5,4,GA,93953.4670,79389.7092
5,5,random_valid,93356.6205,78517.4665
5,5,perimeter_only,93405.8362,78983.9170
5,5,popularity_rank,93172.0864,78773.2338
5,5,greedy_swap,93306.2584,79118.9838
5,5,oracle,93697.9982,80033.6156
5,5,random_search,93646.7152,78764.9027
5,5,simulated_annealing,93947.1257,79296.0416
5,5,GA,94088.8741,79505.4047
5,6,random_valid,93441.6502,78517.4665
5,6,perimeter_only,93488.0168,78983.9170
5,6,popularity_rank,93256.8958,78773.2338
5,6,greedy_swap,93390.2135,79118.9838
5,6,oracle,93780.4984,80033.6156
5,6,random_search,93744.8514,78651.0461
5,6,simulated_annealing,94042.3102,79307.6806
5,6,GA,94154.3480,79054.6082
5,7,random_valid,93295.6738,78517.4665
5,7,perimeter_only,93343.1197,78983.9170
5,7,popularity_rank,93114.0858,78773.2338
5,7,greedy_swap,93245.0400,79118.9838
5,7,oracle,93640.2051,80033.6156
5,7,random_search,93618.6764,79310.9301
5,7,simulated_annealing,93973.4820,79247.7712
5,7,GA,94083.7874,79631.1648
5,8,random_valid,93322.7033,78517.4665
5,8,perimeter_only,93369.3206,78983.9170
5,8,popularity_rank,93138.4231,78773.2338
5,8,greedy_swap,93271.0207,79118.9838
5,8,oracle,93663.3917,80033.6156
5,8,random_search,93688.1801,79092.8927
5,8,simulated_annealing,93964.4730,79301.4286
5,8,GA,94039.5332,79547.4690
5,9,random_valid,93412.7749,78517.4665
5,9,perimeter_only,93461.3903,78983.9170
5,9,popularity_rank,93229.0241,78773.2338
5,9,greedy_swap,93362.6634,79118.9838
5,9,oracle,93758.7441,80033.6156
5,9,random_search,93823.7839,79007.9418
5,9,simulated_annealing,93984.6498,79301.7366
5,9,GA,94036.3356,79504.8711
6,0,random_valid,86990.1056,70073.1413
6,0,perimeter_only,86570.2227,66566.7666
6,0,popularity_rank,86884.0785,69995.7927
6,0,greedy_swap,87226.0772,70417.3571
6,0,oracle,87317.9930,71282.5745
6,0,random_search,87574.1451,70130.3374
6,0,simulated_annealing,87551.2010,70170.0084
6,0,GA,87706.6891,70322.4915
6,1,random_valid,86953.0198,70073.1413
6,1,perimeter_only,86531.4052,66566.7666
6,1,popularity_rank,86846.4345,69995.7927
6,1,greedy_swap,87188.5475,70417.3571
6,1,oracle,87282.1552,71282.5745
6,1,random_search,87492.1092,70542.1593
6,1,simulated_annealing,87629.1238,70078.5897
6,1,GA,87684.1788,70339.5822
6,2,random_valid,87048.1580,70073.1413
6,2,perimeter_only,86624.8763,66566.7666
6,2,popularity_rank,86938.5879,69995.7927
6,2,greedy_swap,87284.8427,70417.3571
6,2,oracle,87377.7144,71282.5745
6,2,random_search,87510.4125,69769.1945
6,2,simulated_annealing,87717.0487,70074.0931
6,2,GA,87972.6967,70563.8739
6,3,random_valid,87004.0065,70073.1413
6,3,perimeter_only,86584.5960,66566.7666
6,3,popularity_rank,86896.8471,69995.7927
6,3,greedy_swap,87240.5177,70417.3571
6,3,oracle,87332.2597,71282.5745
6,3,random_search,87460.8993,69816.4959
6,3,simulated_annealing,87953.7009,70360.5189
6,3,GA,87739.8654,70184.6202
6,4,random_valid,86976.6960,70073.1413
6,4,perimeter_only,86560.9560,66566.7666
6,4,popularity_rank,86869.8446,69995.7927
6,4,greedy_swap,87214.9272,70417.3571
6,4,oracle,87305.7417,71282.5745
6,4,random_search,87541.8106,69968.6904
6,4,simulated_annealing,87842.8651,70278.3669
6,4,GA,87923.4758,70326.4300
6,5,random_valid,87054.5295,70073.1413
6,5,perimeter_only,86632.2840,66566.7666
6,5,popularity_rank,86947.8031,69995.7927
6,5,greedy_swap,87291.1907,70417.3571
6,5,oracle,87383.7057,71282.5745
6,5,random_search,87580.5654,70305.5607
6,5,simulated_annealing,87586.0351,70111.5296
6,5,GA,87997.7263,70435.5246
6,6,random_valid,86952.7725,70073.1413
6,6,perimeter_only,86532.6151,66566.7666
6,6,popularity_rank,86847.5783,69995.7927
6,6,greedy_swap,87190.1985,70417.3571
6,6,oracle,87282.7090,71282.5745
6,6,random_search,87428.0201,70486.4936
6,6,simulated_annealing,87802.7269,70247.7929
6,6,GA,87727.8546,70243.8099
6,7,random_valid,86998.1173,70073.1413
6,7,perimeter_only,86576.2923,66566.7666
6,7,popularity_rank,86893.2088,69995.7927
6,7,greedy_swap,87232.4788,70417.3571
6,7,oracle,87323.5421,71282.5745
6,7,random_search,87507.3128,70370.3771
6,7,simulated_annealing,87783.3507,70165.4786
6,7,GA,87727.9209,70281.0012
6,8,random_valid,87046.4290,70073.1413
6,8,perimeter_only,86627.2339,66566.7666
6,8,popularity_rank,86939.6144,69995.7927
6,8,greedy_swap,87283.2820,70417.3571
6,8,oracle,87376.0158,71282.5745
6,8,random_search,87557.2113,69915.6136
6,8,simulated_annealing,87877.1352,70183.4479
6,8,GA,87758.2237,70256.2743
6,9,random_valid,87013.7604,70073.1413
6,9,perimeter_only,86593.0231,66566.7666
6,9,popularity_rank,86905.5024,69995.7927
6,9,greedy_swap,87251.9404,70417.3571
6,9,oracle,87343.1174,71282.5745
6,9,random_search,87515.3658,70337.3937
6,9,simulated_annealing,87860.7234,70177.3679
6,9,GA,87946.4092,70516.8583
7,0,random_valid,87277.1622,64116.8895
7,0,perimeter_only,87607.7596,64866.7098
7,0,popularity_rank,87558.2403,65121.8116
7,0,greedy_swap,87591.8393,65827.2417
7,0,oracle,87938.6326,66610.0822
7,0,random_search,88057.2708,65659.7905
7,0,simulated_annealing,88295.8882,65407.6250
7,0,GA,88439.8824,65841.2806
7,1,random_valid,87202.7436,64116.8895
7,1,perimeter_only,87533.5011,64866.7098
7,1,popularity_rank,87484.0913,65121.8116
7,1,greedy_swap,87516.6448,65827.2417
7,1,oracle,87863.9286,66610.0822
7,1,random_search,87977.0773,65883.5043
7,1,simulated_annealing,88261.0816,65209.7602
7,1,GA,88315.7199,66035.2229
7,2,random_valid,87198.2753,64116.8895
7,2,perimeter_only,87529.4708,64866.7098
7,2,popularity_rank,87480.1643,65121.8116
7,2,greedy_swap,87513.8545,65827.2417
7,2,oracle,87859.9243,66610.0822
7,2,random_search,87859.6778,65977.1165
7,2,simulated_annealing,88205.4856,65392.3860
7,2,GA,88030.9678,64607.2270
7,3,random_valid,87162.7367,64116.8895
7,3,perimeter_only,87494.5748,64866.7098
7,3,popularity_rank,87445.4798,65121.8116
7,3,greedy_swap,87478.3278,65827.2417
7,3,oracle,87823.4475,66610.0822
7,3,random_search,87952.9178,65742.1566
7,3,simulated_annealing,88281.7466,66009.3309
7,3,GA,88053.5851,64439.5265
7,4,random_valid,87218.0779,64116.8895
7,4,perimeter_only,87550.8822,64866.7098
7,4,popularity_rank,87501.8968,65121.8116
7,4,greedy_swap,87535.2120,65827.2417
7,4,oracle,87879.7218,66610.0822
7,4,random_search,87978.8138,65727.2679
7,4,simulated_annealing,88272.7125,65291.0485
7,4,GA,88337.7540,65839.4731
7,5,random_valid,87220.4717,64116.8895
7,5,perimeter_only,87555.1133,64866.7098
7,5,popularity_rank,87505.9387,65121.8116
7,5,greedy_swap,87539.1707,65827.2417
7,5,oracle,87886.2462,66610.0822
7,5,random_search,87905.9132,65892.3610
7,5,simulated_annealing,88254.5245,65171.8243
7,5,GA,88310.4817,65932.7775
7,6,random_valid,87185.4067,64116.8895
7,6,perimeter_only,87516.2050,64866.7098
7,6,popularity_rank,87467.2227,65121.8116
7,6,greedy_swap,87500.4957,65827.2417
7,6,oracle,87845.7568,66610.0822
7,6,random_search,87868.1776,65687.2371
7,6,simulated_annealing,88178.8634,65311.7164
7,6,GA,88087.7534,64369.5161
7,7,random_valid,87205.4774,64116.8895
7,7,perimeter_only,87537.7526,64866.7098
7,7,popularity_rank,87488.9661,65121.8116
7,7,greedy_swap,87521.5323,65827.2417
7,7,oracle,87866.7827,66610.0822
7,7,random_search,87837.1323,65968.3093
7,7,simulated_annealing,88226.3521,65350.9202
7,7,GA,88284.0347,66012.2542
7,8,random_valid,87196.0946,64116.8895
7,8,perimeter_only,87528.7412,64866.7098
7,8,popularity_rank,87479.5846,65121.8116
7,8,greedy_swap,87512.9523,65827.2417
7,8,oracle,87858.0981,66610.0822
7,8,random_search,87935.7558,65925.7012
7,8,simulated_annealing,88265.4401,65359.6610
7,8,GA,88357.7222,65959.7896
7,9,random_valid,87355.4448,64116.8895
7,9,perimeter_only,87686.2530,64866.7098
7,9,popularity_rank,87636.9603,65121.8116
7,9,greedy_swap,87671.0237,65827.2417
7,9,oracle,88017.6367,66610.0822
7,9,random_search,88041.8115,65318.6367
7,9,simulated_annealing,88405.3393,65270.1787
7,9,GA,88158.1974,64530.5556
8,0,random_valid,99165.2054,71009.5524
8,0,perimeter_only,99474.8992,70851.6502
8,0,popularity_rank,99116.4256,70419.4468
8,0,greedy_swap,99315.7935,71108.0703
8,0,oracle,99847.3595,72149.2352
8,0,random_search,99836.2361,71160.7696
8,0,simulated_annealing,100092.4611,71142.4079
8,0,GA,100129.0320,71545.1941
8,1,random_valid,99041.9109,71009.5524
8,1,perimeter_only,99350.0069,70851.6502
8,1,popularity_rank,98992.7826,70419.4468
8,1,greedy_swap,99192.5377,71108.0703
8,1,oracle,99721.7139,72149.2352
8,1,random_search,99651.9663,71449.0089
8,1,simulated_annealing,100130.0877,71008.2869
8,1,GA,100049.7111,71550.2266
8,2,random_valid,99223.9566,71009.5524
8,2,perimeter_only,99535.2386,70851.6502
8,2,popularity_rank,99175.3877,70419.4468
8,2,greedy_swap,99376.8480,71108.0703
8,2,oracle,99906.1192,72149.2352
8,2,random_search,99789.3652,71136.2307
8,2,simulated_annealing,100337.1765,70924.6474
8,2,GA,100182.4016,71511.2608
8,3,random_valid,99179.1456,71009.5524
8,3,perimeter_only,99485.6339,70851.6502
8,3,popularity_rank,99130.6086,70419.4468
8,3,greedy_swap,99329.0612,71108.0703
8,3,oracle,99858.6476,72149.2352
8,3,random_search,99805.6197,71512.4496
8,3,simulated_annealing,100103.9210,71081.8569
8,3,GA,100156.0863,71504.9593
8,4,random_valid,99088.1753,71009.5524
8,4,perimeter_only,99395.4221,70851.6502
8,4,popularity_rank,99039.3333,70419.4468
8,4,greedy_swap,99238.0943,71108.0703
8,4,oracle,99767.5959,72149.2352
8,4,random_search,99618.5651,71256.6658
8,4,simulated_annealing,100042.3646,71070.7977
8,4,GA,100068.1036,71373.8927
8,5,random_valid,99092.7507,71009.5524
8,5,perimeter_only,99403.1412,70851.6502
8,5,popularity_rank,99043.5779,70419.4468
8,5,greedy_swap,99244.9721,71108.0703
8,5,oracle,99770.9598,72149.2352
8,5,random_search,99769.6146,71378.5971
8,5,simulated_annealing,100026.9732,71128.3419
8,5,GA,100128.4024,71505.0467
8,6,random_valid,99254.0148,71009.5524
8,6,perimeter_only,99562.6830,70851.6502
8,6,popularity_rank,99204.9706,70419.4468
8,6,greedy_swap,99404.4009,71108.0703
8,6,oracle,99934.5789,72149.2352
8,6,random_search,99935.2019,71565.5394
8,6,simulated_annealing,100299.2492,71603.2612
8,6,GA,100267.4220,71459.8188
8,7,random_valid,99171.7897,71009.5524
8,7,perimeter_only,99480.3014,70851.6502
8,7,popularity_rank,99123.0506,70419.4468
8,7,greedy_swap,99322.2607,71108.0703
8,7,oracle,99854.9279,72149.2352
8,7,random_search,99782.3373,71400.1422
8,7,simulated_annealing,100252.8674,71225.7651
8,7,GA,100180.2401,71499.6128
8,8,random_valid,99228.0281,71009.5524
8,8,perimeter_only,99537.3498,70851.6502
8,8,popularity_rank,99179.2721,70419.4468
8,8,greedy_swap,99379.1392,71108.0703
8,8,oracle,99909.2977,72149.2352
8,8,random_search,99880.5179,71584.9579
8,8,simulated_annealing,100173.9120,71229.1137
8,8,GA,100224.3483,71429.0435
8,9,random_valid,99264.9043,71009.5524
8,9,perimeter_only,99574.3986,70851.6502
8,9,popularity_rank,99215.3481,70419.4468
8,9,greedy_swap,99415.5738,71108.0703
8,9,oracle,99946.3997,72149.2352
8,9,random_search,99825.8151,71302.9848
8,9,simulated_annealing,100238.6593,71019.8120
8,9,GA,100337.6305,71635.8778
9,0,random_valid,79842.3919,63849.1625
9,0,perimeter_only,79664.7473,63426.1803
9,0,popularity_rank,79763.1871,64146.2645
9,0,greedy_swap,79866.2302,64229.0296
9,0,oracle,80235.9064,64952.3963
9,0,random_search,80179.1591,64508.5899
9,0,simulated_annealing,80547.0880,64446.7268
9,0,GA,80370.0922,63962.9895
9,1,random_valid,79866.5262,63849.1625
9,1,perimeter_only,79685.8693,63426.1803
9,1,popularity_rank,79787.1849,64146.2645
9,1,greedy_swap,79891.3488,64229.0296
9,1,oracle,80258.2248,64952.3963
9,1,random_search,80234.8506,64592.2683
9,1,simulated_annealing,80648.7150,64337.3549
9,1,GA,80492.1355,64113.8082
9,2,random_valid,79766.8016,63849.1625
9,2,perimeter_only,79589.2942,63426.1803
9,2,popularity_rank,79687.4391,64146.2645
9,2,greedy_swap,79791.4045,64229.0296
9,2,oracle,80158.9107,64952.3963
9,2,random_search,80030.0526,64650.7957
9,2,simulated_annealing,80594.1206,64558.8492
9,2,GA,80358.4875,63981.2502
9,3,random_valid,79719.9676,63849.1625
9,3,perimeter_only,79542.1017,63426.1803
9,3,popularity_rank,79641.6122,64146.2645
9,3,greedy_swap,79744.3120,64229.0296
9,3,oracle,80110.7915,64952.3963
9,3,random_search,80019.4247,64497.3238
9,3,simulated_annealing,80542.5095,64473.6865
9,3,GA,80324.4309,64178.6202
9,4,random_valid,79807.6788,63849.1625
9,4,perimeter_only,79628.5184,63426.1803
9,4,popularity_rank,79728.2800,64146.2645
9,4,greedy_swap,79831.8776,64229.0296
9,4,oracle,80202.4812,64952.3963
9,4,random_search,80190.0229,64476.8027
9,4,simulated_annealing,80521.3440,64473.5027
9,4,GA,80457.9121,64063.7328
9,5,random_valid,79854.3170,63849.1625
9,5,perimeter_only,79675.2887,63426.1803
9,5,popularity_rank,79776.1849,64146.2645
9,5,greedy_swap,79879.3673,64229.0296
9,5,oracle,80250.0910,64952.3963
9,5,random_search,80152.3444,64136.2699
9,5,simulated_annealing,80580.0573,64454.7290
9,5,GA,80444.1127,64282.7339
9,6,random_valid,79779.5019,63849.1625
9,6,perimeter_only,79598.9448,63426.1803
9,6,popularity_rank,79699.5320,64146.2645
9,6,greedy_swap,79802.9764,64229.0296
9,6,oracle,80169.3824,64952.3963
9,6,random_search,80101.3243,64342.0116
9,6,simulated_annealing,80455.7349,64407.4248
9,6,GA,80398.8617,64260.9060
9,7,random_valid,79802.5487,63849.1625
9,7,perimeter_only,79621.7573,63426.1803
9,7,popularity_rank,79723.1885,64146.2645
9,7,greedy_swap,79826.2488,64229.0296
9,7,oracle,80192.6074,64952.3963
9,7,random_search,80103.9145,64488.3039
9,7,simulated_annealing,80527.5832,64469.6734
9,7,GA,80435.0004,64111.4376
9,8,random_valid,79777.4595,63849.1625
9,8,perimeter_only,79596.7859,63426.1803
9,8,popularity_rank,79697.9644,64146.2645
9,8,greedy_swap,79803.5980,64229.0296
9,8,oracle,80167.2268,64952.3963
9,8,random_search,80167.1633,64447.3928
9,8,simulated_annealing,80493.7535,64449.1104
9,8,GA,80281.7663,63940.9272
9,9,random_valid,79815.7440,63849.1625
9,9,perimeter_only,79638.1842,63426.1803
9,9,popularity_rank,79736.4318,64146.2645
9,9,greedy_swap,79841.0293,64229.0296
9,9,oracle,80210.0031,64952.3963
9,9,random_search,80155.4801,64342.8999
9,9,simulated_annealing,80473.7419,64443.6376
9,9,GA,80393.3171,64252.6883
10,0,random_valid,68656.3597,51054.0146
10,0,perimeter_only,68726.1252,51276.9821
10,0,popularity_rank,68676.5057,51687.5178
10,0,greedy_swap,68702.0270,51690.4863
10,0,oracle,68782.1540,52246.8979
10,0,random_search,68969.9680,51965.6846
10,0,simulated_annealing,69261.4230,51950.3311
10,0,GA,69115.0342,51739.4333
10,1,random_valid,68688.4973,51054.0146
10,1,perimeter_only,68758.4700,51276.9821
10,1,popularity_rank,68708.4778,51687.5178
10,1,greedy_swap,68733.3429,51690.4863
10,1,oracle,68813.3940,52246.8979
10,1,random_search,69010.6760,51368.3805
10,1,simulated_annealing,69327.1028,51912.6387
10,1,GA,69157.3418,51712.5926
10,2,random_valid,68665.1062,51054.0146
10,2,perimeter_only,68734.1337,51276.9821
10,2,popularity_rank,68684.6706,51687.5178
10,2,greedy_swap,68709.2420,51690.4863
10,2,oracle,68788.6828,52246.8979
10,2,random_search,68971.0573,51799.3805
10,2,simulated_annealing,69324.2263,51993.6328
10,2,GA,69142.8796,51734.9491
10,3,random_valid,68604.9727,51054.0146
10,3,perimeter_only,68674.4979,51276.9821
10,3,popularity_rank,68624.7179,51687.5178
10,3,greedy_swap,68649.0376,51690.4863
10,3,oracle,68729.4855,52246.8979
10,3,random_search,68911.0722,51693.1390
10,3,simulated_annealing,69225.1573,51958.9823
10,3,GA,69068.2168,51724.4581
10,4,random_valid,68663.5973,51054.0146
10,4,perimeter_only,68733.1450,51276.9821
10,4,popularity_rank,68683.5262,51687.5178
10,4,greedy_swap,68708.2242,51690.4863
10,4,oracle,68787.4087,52246.8979
10,4,random_search,68970.7338,51459.5127
10,4,simulated_annealing,69307.3752,51869.6640
10,4,GA,69118.0363,51722.2189
10,5,random_valid,68647.9902,51054.0146
10,5,perimeter_only,68717.5051,51276.9821
10,5,popularity_rank,68667.7960,51687.5178
10,5,greedy_swap,68693.0085,51690.4863
10,5,oracle,68771.3458,52246.8979
10,5,random_search,68985.5043,51698.8508
10,5,simulated_annealing,69282.4978,52007.3589
10,5,GA,69072.4116,51691.7115
10,6,random_valid,68657.7301,51054.0146
10,6,perimeter_only,68726.5580,51276.9821
10,6,popularity_rank,68676.7018,51687.5178
10,6,greedy_swap,68702.1276,51690.4863
10,6,oracle,68782.6237,52246.8979
10,6,random_search,68948.8716,51602.3410
10,6,simulated_annealing,69310.9135,51957.6403
10,6,GA,69149.1711,51722.9901
10,7,random_valid,68643.1413,51054.0146
10,7,perimeter_only,68712.6970,51276.9821
10,7,popularity_rank,68662.6218,51687.5178
10,7,greedy_swap,68687.9614,51690.4863
10,7,oracle,68769.2385,52246.8979
10,7,random_search,68943.8776,51533.5913
10,7,simulated_annealing,69289.0864,51988.4869
10,7,GA,69290.3516,51948.0672
10,8,random_valid,68701.1530,51054.0146
10,8,perimeter_only,68770.6284,51276.9821
10,8,popularity_rank,68721.3323,51687.5178
10,8,greedy_swap,68745.7432,51690.4863
10,8,oracle,68824.6616,52246.8979
10,8,random_search,69074.7905,51788.2783
10,8,simulated_annealing,69328.9925,51977.1256
10,8,GA,69181.8000,51725.9598
10,9,random_valid,68680.8644,51054.0146
10,9,perimeter_only,68749.9529,51276.9821
10,9,popularity_rank,68700.6804,51687.5178
10,9,greedy_swap,68725.6519,51690.4863
10,9,oracle,68806.8388,52246.8979
10,9,random_search,69022.0623,51733.9031
10,9,simulated_annealing,69327.4924,51923.3447
10,9,GA,69331.3381,51916.1351
11,0,random_valid,88079.4215,59722.2103
11,0,perimeter_only,88660.7873,59374.6022
11,0,popularity_rank,88034.9947,59801.2290
11,0,greedy_swap,88456.3961,60167.3855
11,0,oracle,88496.2409,60726.8931
11,0,random_search,88897.1996,59760.9333
11,0,simulated_annealing,88897.9471,60248.0238
11,0,GA,88962.5735,60282.8176
11,1,random_valid,87947.8539,59722.2103
11,1,perimeter_only,88528.2615,59374.6022
11,1,popularity_rank,87902.4383,59801.2290
11,1,greedy_swap,88323.5797,60167.3855
11,1,oracle,88363.0751,60726.8931
11,1,random_search,88726.4676,59436.6212
11,1,simulated_annealing,89061.4214,60542.6042
11,1,GA,88825.0608,60362.1913
11,2,random_valid,88058.8696,59722.2103
11,2,perimeter_only,88640.4712,59374.6022
11,2,popularity_rank,88014.3344,59801.2290
11,2,greedy_swap,88437.2717,60167.3855
11,2,oracle,88475.2150,60726.8931
11,2,random_search,88852.2467,60488.8667
11,2,simulated_annealing,88903.2878,60239.5526
11,2,GA,88927.1038,60287.3456
11,3,random_valid,88073.9712,59722.2103
11,3,perimeter_only,88653.3454,59374.6022
11,3,popularity_rank,88029.5549,59801.2290
11,3,greedy_swap,88451.7342,60167.3855
11,3,oracle,88489.7083,60726.8931
11,3,random_search,88847.4094,59399.6054
11,3,simulated_annealing,88914.3456,60277.2693
11,3,GA,88976.8296,60283.4638
11,4,random_valid,88034.0042,59722.2103
11,4,perimeter_only,88611.8265,59374.6022
11,4,popularity_rank,87989.8504,59801.2290
11,4,greedy_swap,88407.9468,60167.3855
11,4,oracle,88446.1183,60726.8931
11,4,random_search,88776.8525,59495.4416
11,4,simulated_annealing,88878.6905,60244.1931
11,4,GA,88940.4822,60282.5190
11,5,random_valid,88065.4452,59722.2103
11,5,perimeter_only,88647.1439,59374.6022
11,5,popularity_rank,88020.9196,59801.2290
11,5,greedy_swap,88443.6882,60167.3855
11,5,oracle,88482.4796,60726.8931
11,5,random_search,88830.6708,60348.6675
11,5,simulated_annealing,88909.8590,60236.4143
11,5,GA,88918.1268,60167.4973
11,6,random_valid,88018.8984,59722.2103
11,6,perimeter_only,88597.7851,59374.6022
11,6,popularity_rank,87974.3680,59801.2290
11,6,greedy_swap,88394.6141,60167.3855
11,6,oracle,88433.3130,60726.8931
11,6,random_search,88842.7741,59947.8085
11,6,simulated_annealing,88759.9238,60204.5468
11,6,GA,88886.5220,60287.1688
11,7,random_valid,87974.2974,59722.2103
11,7,perimeter_only,88554.2672,59374.6022
11,7,popularity_rank,87930.2181,59801.2290
11,7,greedy_swap,88348.9500,60167.3855
11,7,oracle,88388.2574,60726.8931
11,7,random_search,88772.3264,59494.1562
11,7,simulated_annealing,88783.0243,60241.5899
11,7,GA,89148.0277,60568.4819
11,8,random_valid,88068.6938,59722.2103
11,8,perimeter_only,88647.0659,59374.6022
11,8,popularity_rank,88023.7208,59801.2290
11,8,greedy_swap,88444.6292,60167.3855
11,8,oracle,88483.7384,60726.8931
11,8,random_search,88906.7642,59463.0183
11,8,simulated_annealing,89011.7818,60304.7490
11,8,GA,88962.0460,60271.6638
11,9,random_valid,88074.1811,59722.2103
11,9,perimeter_only,88658.6308,59374.6022
11,9,popularity_rank,88029.6143,59801.2290
11,9,greedy_swap,88452.2252,60167.3855
11,9,oracle,88493.2462,60726.8931
11,9,random_search,88871.9697,60346.9452
11,9,simulated_annealing,88985.0041,60284.8242
11,9,GA,89229.3702,60605.7653
12,0,random_valid,80515.4325,72524.0203
12,0,perimeter_only,81079.9571,72020.3979
12,0,popularity_rank,80775.1763,73003.1562
12,0,greedy_swap,80876.7690,73821.1533
12,0,oracle,81201.1950,74901.7982
12,0,random_search,81296.4873,72682.1271
12,0,simulated_annealing,81710.9007,74591.5910
12,0,GA,81702.0259,74595.6756
12,1,random_valid,80590.2072,72524.0203
12,1,perimeter_only,81151.7064,72020.3979
12,1,popularity_rank,80847.6754,73003.1562
12,1,greedy_swap,80948.6812,73821.1533
12,1,oracle,81272.9545,74901.7982
12,1,random_search,81278.8054,72743.5807
12,1,simulated_annealing,81750.2119,74561.1833
12,1,GA,81740.5936,74488.4445
12,2,random_valid,80578.8173,72524.0203
12,2,perimeter_only,81133.9077,72020.3979
12,2,popularity_rank,80833.0785,73003.1562
12,2,greedy_swap,80932.2771,73821.1533
12,2,oracle,81257.3916,74901.7982
12,2,random_search,81338.7217,73887.4868
12,2,simulated_annealing,81746.6441,74151.2809
12,2,GA,81719.0400,74515.2513
12,3,random_valid,80639.3181,72524.0203
12,3,perimeter_only,81197.2066,72020.3979
12,3,popularity_rank,80896.4126,73003.1562
12,3,greedy_swap,80994.8418,73821.1533
12,3,oracle,81320.6667,74901.7982
12,3,random_search,81425.0493,73339.5495
12,3,simulated_annealing,81808.2719,74086.3390
12,3,GA,81792.5302,74574.0829
12,4,random_valid,80541.3622,72524.0203
12,4,perimeter_only,81099.7611,72020.3979
12,4,popularity_rank,80797.3918,73003.1562
12,4,greedy_swap,80898.9861,73821.1533
12,4,oracle,81222.4539,74901.7982
12,4,random_search,81259.0631,74052.6390
12,4,simulated_annealing,81681.9047,74176.2161
12,4,GA,81660.2084,74462.7123
12,5,random_valid,80594.2032,72524.0203
12,5,perimeter_only,81159.3880,72020.3979
12,5,popularity_rank,80853.6194,73003.1562
12,5,greedy_swap,80955.9929,73821.1533
12,5,oracle,81281.9460,74901.7982
12,5,random_search,81274.3637,72656.7371
12,5,simulated_annealing,81703.8834,74041.0845
12,5,GA,81738.8566,74523.1810
12,6,random_valid,80567.2227,72524.0203
12,6,perimeter_only,81128.7530,72020.3979
12,6,popularity_rank,80826.2763,73003.1562
12,6,greedy_swap,80927.3631,73821.1533
12,6,oracle,81252.5369,74901.7982
12,6,random_search,81300.6939,72476.0240
12,6,simulated_annealing,81630.0361,73789.1743
12,6,GA,81713.8168,74495.5305
12,7,random_valid,80527.3369,72524.0203
12,7,perimeter_only,81088.6664,72020.3979
12,7,popularity_rank,80786.5181,73003.1562
12,7,greedy_swap,80888.2758,73821.1533
12,7,oracle,81210.5145,74901.7982
12,7,random_search,81229.3103,72906.0747
12,7,simulated_annealing,81652.8412,73957.7937
12,7,GA,81668.5855,73501.0857
12,8,random_valid,80576.8385,72524.0203
12,8,perimeter_only,81141.0007,72020.3979
12,8,popularity_rank,80833.9116,73003.1562
12,8,greedy_swap,80936.3122,73821.1533
12,8,oracle,81262.2845,74901.7982
12,8,random_search,81333.6210,73438.3382
12,8,simulated_annealing,81679.3473,73864.8447
12,8,GA,81725.6134,74567.1344
12,9,random_valid,80534.7442,72524.0203
12,9,perimeter_only,81096.3073,72020.3979
12,9,popularity_rank,80791.8168,73003.1562
12,9,greedy_swap,80892.9715,73821.1533
12,9,oracle,81218.0026,74901.7982
12,9,random_search,81326.3018,73072.8777
12,9,simulated_annealing,81629.2330,73920.1637
12,9,GA,81688.5870,74542.5907
13,0,random_valid,109953.7971,87975.2114
13,0,perimeter_only,110204.8824,88913.8520
13,0,popularity_rank,110168.6372,88959.3976
13,0,greedy_swap,110192.2740,89021.5314
13,0,oracle,110612.2339,89980.1563
13,0,random_search,110818.7428,89008.3968
13,0,simulated_annealing,111160.9448,89530.8685
13,0,GA,111122.1172,88647.6204
13,1,random_valid,109972.0922,87975.2114
13,1,perimeter_only,110221.2749,88913.8520
13,1,popularity_rank,110185.6077,88959.3976
13,1,greedy_swap,110209.6221,89021.5314
13,1,oracle,110630.8012,89980.1563
13,1,random_search,110848.0025,88128.0175
13,1,simulated_annealing,111267.4042,89560.9247
13,1,GA,111262.8226,89034.3114
13,2,random_valid,110066.7006,87975.2114
13,2,perimeter_only,110322.7085,88913.8520
13,2,popularity_rank,110285.4123,88959.3976
13,2,greedy_swap,110309.0988,89021.5314
13,2,oracle,110730.2577,89980.1563
13,2,random_search,110911.1723,88917.0237
13,2,simulated_annealing,111351.8857,89473.0731
13,2,GA,111263.8150,88488.8817
13,3,random_valid,109989.3722,87975.2114
13,3,perimeter_only,110240.0788,88913.8520
13,3,popularity_rank,110204.1199,88959.3976
13,3,greedy_swap,110228.2559,89021.5314
13,3,oracle,110647.9576,89980.1563
13,3,random_search,110891.0402,89168.4549
13,3,simulated_annealing,111244.8112,89551.0373
13,3,GA,111138.0021,88293.5375
13,4,random_valid,109994.5569,87975.2114
13,4,perimeter_only,110245.8198,88913.8520
13,4,popularity_rank,110208.3661,88959.3976
13,4,greedy_swap,110232.1784,89021.5314
13,4,oracle,110655.3514,89980.1563
13,4,random_search,110905.9010,89062.0419
13,4,simulated_annealing,111261.3316,89533.7868
13,4,GA,111060.6041,88136.5569
13,5,random_valid,109965.8246,87975.2114
13,5,perimeter_only,110219.1478,88913.8520
13,5,popularity_rank,110181.4781,88959.3976
13,5,greedy_swap,110204.5967,89021.5314
13,5,oracle,110625.6184,89980.1563
13,5,random_search,110799.4252,88535.8277
13,5,simulated_annealing,111215.6951,89522.8309
13,5,GA,111224.5950,88361.4140
13,6,random_valid,109988.3595,87975.2114
13,6,perimeter_only,110239.3919,88913.8520
13,6,popularity_rank,110200.6366,88959.3976
13,6,greedy_swap,110225.2177,89021.5314
13,6,oracle,110645.5101,89980.1563
13,6,random_search,110772.3930,88914.0967
13,6,simulated_annealing,111264.7156,89520.0895
13,6,GA,111099.7775,88448.8808
13,7,random_valid,110061.4801,87975.2114
13,7,perimeter_only,110313.6892,88913.8520
13,7,popularity_rank,110276.3330,88959.3976
13,7,greedy_swap,110299.7105,89021.5314
13,7,oracle,110720.3088,89980.1563
13,7,random_search,110887.1986,89023.5512
13,7,simulated_annealing,111298.0892,89499.1669
13,7,GA,111304.0137,89030.6716
13,8,random_valid,110044.4831,87975.2114
13,8,perimeter_only,110296.9414,88913.8520
13,8,popularity_rank,110260.2016,88959.3976
13,8,greedy_swap,110284.2782,89021.5314
13,8,oracle,110706.5355,89980.1563
13,8,random_search,110903.5019,89219.7484
13,8,simulated_annealing,111331.5383,89551.5291
13,8,GA,111176.8269,88577.3388
13,9,random_valid,110041.4074,87975.2114
13,9,perimeter_only,110294.3255,88913.8520
13,9,popularity_rank,110257.5673,88959.3976
13,9,greedy_swap,110280.9579,89021.5314
13,9,oracle,110698.4956,89980.1563
13,9,random_search,110846.4359,88795.8829
13,9,simulated_annealing,111393.9139,89185.5499
13,9,GA,111113.7212,88382.5437
14,0,random_valid,60859.2793,42881.3313
14,0,perimeter_only,60985.8541,42887.0026
14,0,popularity_rank,60961.0108,42850.4206
14,0,greedy_swap,60984.9056,43149.8530
14,0,oracle,61115.2193,43652.2469
14,0,random_search,61240.7805,43288.4506
14,0,simulated_annealing,61525.8151,43110.9030
14,0,GA,61534.3119,43323.6482
14,1,random_valid,60838.9235,42881.3313
14,1,perimeter_only,60968.0732,42887.0026
14,1,popularity_rank,60945.4345,42850.4206
14,1,greedy_swap,60968.9854,43149.8530
14,1,oracle,61097.6350,43652.2469
14,1,random_search,61203.8583,43014.6658
14,1,simulated_annealing,61498.1573,43079.4031
14,1,GA,61506.7256,43317.0100
14,2,random_valid,60884.4796,42881.3313
14,2,perimeter_only,61011.9903,42887.0026
14,2,popularity_rank,60988.3104,42850.4206
14,2,greedy_swap,61011.7130,43149.8530
14,2,oracle,61141.6360,43652.2469
14,2,random_search,61328.2311,43213.9694
14,2,simulated_annealing,61548.5175,43098.5850
14,2,GA,61547.7562,43286.4548
14,3,random_valid,60870.2296,42881.3313
14,3,perimeter_only,60996.5001,42887.0026
14,3,popularity_rank,60972.4385,42850.4206
14,3,greedy_swap,60996.2439,43149.8530
14,3,oracle,61126.7332,43652.2469
14,3,random_search,61236.9618,42905.5703
14,3,simulated_annealing,61515.5941,43109.7809
14,3,GA,61520.8640,43343.7373
14,4,random_valid,60858.1171,42881.3313
14,4,perimeter_only,60984.4249,42887.0026
14,4,popularity_rank,60960.6028,42850.4206
14,4,greedy_swap,60984.3056,43149.8530
14,4,oracle,61113.8849,43652.2469
14,4,random_search,61221.0569,43376.6921
14,4,simulated_annealing,61515.8291,43118.0002
14,4,GA,61514.9579,43384.3053
14,5,random_valid,60825.8956,42881.3313
14,5,perimeter_only,60952.6668,42887.0026
14,5,popularity_rank,60928.3410,42850.4206
14,5,greedy_swap,60952.2191,43149.8530
14,5,oracle,61082.8938,43652.2469
14,5,random_search,61195.8984,43299.7676
14,5,simulated_annealing,61492.9663,43095.5780
14,5,GA,61488.8329,43333.1663
14,6,random_valid,60862.3716,42881.3313
14,6,perimeter_only,60989.5046,42887.0026
14,6,popularity_rank,60966.8874,42850.4206
14,6,greedy_swap,60990.2289,43149.8530
14,6,oracle,61120.6761,43652.2469
14,6,random_search,61279.3677,42809.9920
14,6,simulated_annealing,61532.1542,43088.0531
14,6,GA,61531.5561,43363.8691
14,7,random_valid,60950.6007,42881.3313
14,7,perimeter_only,61076.5722,42887.0026
14,7,popularity_rank,61052.7807,42850.4206
14,7,greedy_swap,61077.1891,43149.8530
14,7,oracle,61205.6379,43652.2469
14,7,random_search,61307.5392,43230.3587
14,7,simulated_annealing,61597.1140,43136.0979
14,7,GA,61644.1945,43317.0511
14,8,random_valid,60899.6560,42881.3313
14,8,perimeter_only,61025.4000,42887.0026
14,8,popularity_rank,61001.3812,42850.4206
14,8,greedy_swap,61025.3683,43149.8530
14,8,oracle,61155.3078,43652.2469
14,8,random_search,61255.5522,43181.7349
14,8,simulated_annealing,61551.9774,43119.5227
14,8,GA,61566.1962,43392.1857
14,9,random_valid,60857.2729,42881.3313
14,9,perimeter_only,60983.5402,42887.0026
14,9,popularity_rank,60960.0134,42850.4206
14,9,greedy_swap,60984.4085,43149.8530
14,9,oracle,61115.0092,43652.2469
14,9,random_search,61237.9437,43327.4742
14,9,simulated_annealing,61512.4615,43059.8622
14,9,GA,61502.7553,43492.2986
15,0,random_valid,89403.8066,66670.4052
15,0,perimeter_only,89369.3187,66798.6406
15,0,popularity_rank,89577.9933,67466.6003
15,0,greedy_swap,89536.1752,67727.9891
15,0,oracle,90068.6715,68887.4358
15,0,random_search,90066.4227,68040.3715
15,0,simulated_annealing,90450.1042,68348.2797
15,0,GA,90442.2621,68300.6326
15,1,random_valid,89456.6302,66670.4052
15,1,perimeter_only,89422.1594,66798.6406
15,1,popularity_rank,89634.6337,67466.6003
15,1,greedy_swap,89592.5971,67727.9891
15,1,oracle,90123.9239,68887.4358
15,1,random_search,90178.6192,67644.5390
15,1,simulated_annealing,90579.1857,68291.8065
15,1,GA,90564.7081,68254.5964
15,2,random_valid,89362.2395,66670.4052
15,2,perimeter_only,89328.6331,66798.6406
15,2,popularity_rank,89538.4534,67466.6003
15,2,greedy_swap,89495.7713,67727.9891
15,2,oracle,90027.7525,68887.4358
15,2,random_search,90097.0968,67776.6392
15,2,simulated_annealing,90449.5786,68299.4862
15,2,GA,90422.9024,68304.9426
15,3,random_valid,89498.3628,66670.4052
15,3,perimeter_only,89463.8184,66798.6406
15,3,popularity_rank,89676.0817,67466.6003
15,3,greedy_swap,89633.5926,67727.9891
15,3,oracle,90164.6718,68887.4358
15,3,random_search,90225.3866,67805.1176
15,3,simulated_annealing,90594.8748,68357.5995
15,3,GA,90608.9983,68264.4604
15,4,random_valid,89520.4316,66670.4052
15,4,perimeter_only,89487.9605,66798.6406
15,4,popularity_rank,89696.1367,67466.6003
15,4,greedy_swap,89653.3118,67727.9891
15,4,oracle,90184.3479,68887.4358
15,4,random_search,90190.6187,67910.3706
15,4,simulated_annealing,90651.0761,68296.7268
15,4,GA,90621.2393,68157.7359
15,5,random_valid,89379.6980,66670.4052
15,5,perimeter_only,89345.1163,66798.6406
15,5,popularity_rank,89555.5444,67466.6003
15,5,greedy_swap,89513.1673,67727.9891
15,5,oracle,90043.9118,68887.4358
15,5,random_search,90073.3202,67902.2902
15,5,simulated_annealing,90460.5834,68276.9920
15,5,GA,90421.0690,68298.3786
15,6,random_valid,89502.7349,66670.4052
15,6,perimeter_only,89468.8201,66798.6406
15,6,popularity_rank,89680.4201,67466.6003
15,6,greedy_swap,89638.0231,67727.9891
15,6,oracle,90166.6934,68887.4358
15,6,random_search,90246.1363,67785.6398
15,6,simulated_annealing,90582.7653,68294.9701
15,6,GA,90568.6906,68234.6986
15,7,random_valid,89550.7825,66670.4052
15,7,perimeter_only,89517.6077,66798.6406
15,7,popularity_rank,89726.8190,67466.6003
15,7,greedy_swap,89684.5503,67727.9891
15,7,oracle,90215.5106,68887.4358
15,7,random_search,90222.8479,67847.0746
15,7,simulated_annealing,90666.6549,68355.3360
15,7,GA,90589.7501,68178.5479
15,8,random_valid,89485.7728,66670.4052
15,8,perimeter_only,89451.4719,66798.6406
15,8,popularity_rank,89663.3885,67466.6003
15,8,greedy_swap,89620.3775,67727.9891
15,8,oracle,90153.9181,68887.4358
15,8,random_search,90196.7460,67880.8243
15,8,simulated_annealing,90545.5730,68400.6786
15,8,GA,90532.4179,68321.0228
15,9,random_valid,89544.0401,66670.4052
15,9,perimeter_only,89510.9296,66798.6406
15,9,popularity_rank,89723.5832,67466.6003
15,9,greedy_swap,89679.7462,67727.9891
15,9,oracle,90213.0168,68887.4358
15,9,random_search,90270.0885,67736.7829
15,9,simulated_annealing,90663.7454,68243.9239
15,9,GA,90573.9961,68359.1178
16,0,random_valid,88026.8946,69690.7669
16,0,perimeter_only,87713.4374,69382.6852
16,0,popularity_rank,87762.9415,69485.1039
16,0,greedy_swap,88238.6528,69991.8037
16,0,oracle,88385.9853,70754.4421
16,0,random_search,88568.0659,69664.4293
16,0,simulated_annealing,88767.6220,70149.0729
16,0,GA,88661.5552,70007.1201
16,1,random_valid,88041.9626,69690.7669
16,1,perimeter_only,87727.1050,69382.6852
16,1,popularity_rank,87776.7009,69485.1039
16,1,greedy_swap,88251.8274,69991.8037
16,1,oracle,88397.6462,70754.4421
16,1,random_search,88593.8118,69753.4768
16,1,simulated_annealing,88788.3632,70231.2026
16,1,GA,88724.5334,70160.8169
16,2,random_valid,88040.4342,69690.7669
16,2,perimeter_only,87728.7703,69382.6852
16,2,popularity_rank,87775.8480,69485.1039
16,2,greedy_swap,88254.4856,69991.8037
16,2,oracle,88399.5457,70754.4421
16,2,random_search,88565.1981,69936.5625
16,2,simulated_annealing,88518.2918,69843.9412
16,2,GA,88759.8511,70322.2258
16,3,random_valid,88093.0268,69690.7669
16,3,perimeter_only,87779.3904,69382.6852
16,3,popularity_rank,87825.4589,69485.1039
16,3,greedy_swap,88305.9617,69991.8037
16,3,oracle,88453.4678,70754.4421
16,3,random_search,88707.7087,70130.3032
16,3,simulated_annealing,88698.8407,69979.8725
16,3,GA,88779.0809,70077.7015
16,4,random_valid,88047.3977,69690.7669
16,4,perimeter_only,87733.3295,69382.6852
16,4,popularity_rank,87782.0944,69485.1039
16,4,greedy_swap,88258.8491,69991.8037
16,4,oracle,88405.6608,70754.4421
16,4,random_search,88554.3324,69557.5710
16,4,simulated_annealing,88747.3859,69922.0369
16,4,GA,88922.7824,70137.2480
16,5,random_valid,88062.3514,69690.7669
16,5,perimeter_only,87748.7203,69382.6852
16,5,popularity_rank,87797.2417,69485.1039
16,5,greedy_swap,88274.5744,69991.8037
16,5,oracle,88421.9393,70754.4421
16,5,random_search,88646.4770,70044.4766
16,5,simulated_annealing,88772.2910,70176.0903
16,5,GA,88927.7894,70285.8454
16,6,random_valid,88091.0333,69690.7669
16,6,perimeter_only,87777.4993,69382.6852
16,6,popularity_rank,87824.9467,69485.1039
16,6,greedy_swap,88306.4639,69991.8037
16,6,oracle,88453.2058,70754.4421
16,6,random_search,88646.7701,70242.8789
16,6,simulated_annealing,88836.7182,70403.8381
16,6,GA,88773.3179,70219.4588
16,7,random_valid,87996.6562,69690.7669
16,7,perimeter_only,87683.5580,69382.6852
16,7,popularity_rank,87732.0619,69485.1039
16,7,greedy_swap,88209.7878,69991.8037
16,7,oracle,88358.0995,70754.4421
16,7,random_search,88530.4320,70040.6458
16,7,simulated_annealing,88874.2429,70563.8840
16,7,GA,88694.4212,70254.9104
16,8,random_valid,88154.3156,69690.7669
16,8,perimeter_only,87837.6796,69382.6852
16,8,popularity_rank,87886.2046,69485.1039
16,8,greedy_swap,88365.1926,69991.8037
16,8,oracle,88513.3160,70754.4421
16,8,random_search,88757.8976,70082.2182
16,8,simulated_annealing,88656.5072,69974.2203
16,8,GA,88866.1075,70323.6825
16,9,random_valid,88023.5381,69690.7669
16,9,perimeter_only,87707.5860,69382.6852
16,9,popularity_rank,87757.0634,69485.1039
16,9,greedy_swap,88238.1090,69991.8037
16,9,oracle,88384.6400,70754.4421
16,9,random_search,88519.7861,70080.5826
16,9,simulated_annealing,88575.6220,70177.1196
16,9,GA,88912.3037,70289.9799
17,0,random_valid,103666.3706,85638.8594
17,0,perimeter_only,104027.5463,85065.4372
17,0,popularity_rank,103731.4668,84808.6779
17,0,greedy_swap,103647.8093,85132.0941
17,0,oracle,104563.5744,86166.0547
17,0,random_search,104319.2983,85481.1576
17,0,simulated_annealing,104789.8787,86155.9900
17,0,GA,104740.0552,85671.1268
17,1,random_valid,103625.9131,85638.8594
17,1,perimeter_only,103990.4647,85065.4372
17,1,popularity_rank,103692.5834,84808.6779
17,1,greedy_swap,103607.3347,85132.0941
17,1,oracle,104520.3242,86166.0547
17,1,random_search,104309.3304,85659.7204
17,1,simulated_annealing,104779.4528,85822.4356
17,1,GA,104758.8067,85811.4738
17,2,random_valid,103766.3149,85638.8594
17,2,perimeter_only,104132.4890,85065.4372
17,2,popularity_rank,103832.8328,84808.6779
17,2,greedy_swap,103748.1746,85132.0941
17,2,oracle,104667.9868,86166.0547
17,2,random_search,104379.1745,85598.9780
17,2,simulated_annealing,104901.7122,85878.4288
17,2,GA,104628.8694,84875.7168
17,3,random_valid,103642.4483,85638.8594
17,3,perimeter_only,104004.2271,85065.4372
17,3,popularity_rank,103707.4157,84808.6779
17,3,greedy_swap,103624.3705,85132.0941
17,3,oracle,104535.7333,86166.0547
17,3,random_search,104336.2678,85399.4088
17,3,simulated_annealing,104731.4619,85982.9024
17,3,GA,104536.3276,84810.1103
17,4,random_valid,103773.5704,85638.8594
17,4,perimeter_only,104136.1336,85065.4372
17,4,popularity_rank,103837.7798,84808.6779
17,4,greedy_swap,103755.6405,85132.0941
17,4,oracle,104673.8040,86166.0547
17,4,random_search,104453.2553,85482.0020
17,4,simulated_annealing,104909.3095,85670.2970
17,4,GA,104890.5440,85755.5262
17,5,random_valid,103707.4360,85638.8594
17,5,perimeter_only,104071.6895,85065.4372
17,5,popularity_rank,103772.9843,84808.6779
17,5,greedy_swap,103689.0683,85132.0941
17,5,oracle,104606.0004,86166.0547
17,5,random_search,104342.5412,85315.6393
17,5,simulated_annealing,104812.0323,85911.5361
17,5,GA,104820.4857,85927.3443
17,6,random_valid,103709.8422,85638.8594
17,6,perimeter_only,104071.9065,85065.4372
17,6,popularity_rank,103774.5510,84808.6779
17,6,greedy_swap,103690.8504,85132.0941
17,6,oracle,104607.6720,86166.0547
17,6,random_search,104300.6162,85356.7605
17,6,simulated_annealing,104911.4322,85737.5909
17,6,GA,104655.7878,84816.3536
17,7,random_valid,103808.9097,85638.8594
17,7,perimeter_only,104170.4842,85065.4372
17,7,popularity_rank,103873.9145,84808.6779
17,7,greedy_swap,103790.4958,85132.0941
17,7,oracle,104706.9224,86166.0547
17,7,random_search,104422.0814,85098.7521
17,7,simulated_annealing,104994.3212,85694.9189
17,7,GA,104920.1297,85972.6311
17,8,random_valid,103725.2883,85638.8594
17,8,perimeter_only,104087.2960,85065.4372
17,8,popularity_rank,103789.2723,84808.6779
17,8,greedy_swap,103707.0067,85132.0941
17,8,oracle,104625.6021,86166.0547
17,8,random_search,104402.5265,85249.9944
17,8,simulated_annealing,104850.6019,85715.8352
17,8,GA,104821.4425,85990.6226
17,9,random_valid,103752.2672,85638.8594
17,9,perimeter_only,104114.3480,85065.4372
17,9,popularity_rank,103818.2278,84808.6779
17,9,greedy_swap,103733.8103,85132.0941
17,9,oracle,104653.0758,86166.0547
17,9,random_search,104372.8818,85236.3861
17,9,simulated_annealing,104918.8650,85732.1539
17,9,GA,104613.3791,85108.1650
18,0,random_valid,61223.3384,50818.6020
18,0,perimeter_only,61502.6959,51100.9726
18,0,popularity_rank,61307.2999,50846.2083
18,0,greedy_swap,61246.3989,51097.0108
18,0,oracle,61718.3627,51795.4327
18,0,random_search,61672.6040,51071.6830
18,0,simulated_annealing,61913.7666,51492.3430
18,0,GA,61848.7220,51359.9096
18,1,random_valid,61234.8749,50818.6020
18,1,perimeter_only,61514.6766,51100.9726
18,1,popularity_rank,61319.4121,50846.2083
18,1,greedy_swap,61257.3519,51097.0108
18,1,oracle,61731.4868,51795.4327
18,1,random_search,61706.8123,51233.4755
18,1,simulated_annealing,61922.0974,51344.0831
18,1,GA,61886.2133,51593.0657
18,2,random_valid,61295.6522,50818.6020
18,2,perimeter_only,61576.1952,51100.9726
18,2,popularity_rank,61380.2218,50846.2083
18,2,greedy_swap,61318.9844,51097.0108
18,2,oracle,61794.0456,51795.4327
18,2,random_search,61751.6552,51082.3250
18,2,simulated_annealing,61998.0851,51471.9930
18,2,GA,61927.3719,51489.3277
18,3,random_valid,61294.7299,50818.6020
18,3,perimeter_only,61576.2076,51100.9726
18,3,popularity_rank,61380.1474,50846.2083
18,3,greedy_swap,61318.1931,51097.0108
18,3,oracle,61792.1425,51795.4327
18,3,random_search,61740.3543,51091.9507
18,3,simulated_annealing,61968.0499,51289.6175
18,3,GA,61927.4591,51419.3144
18,4,random_valid,61313.9696,50818.6020
18,4,perimeter_only,61595.2876,51100.9726
18,4,popularity_rank,61399.0211,50846.2083
18,4,greedy_swap,61337.1830,51097.0108
18,4,oracle,61812.4502,51795.4327
18,4,random_search,61751.1360,51125.5508
18,4,simulated_annealing,61964.7974,51112.3274
18,4,GA,61960.9469,51496.8351
18,5,random_valid,61252.6962,50818.6020
18,5,perimeter_only,61534.3781,51100.9726
18,5,popularity_rank,61338.0324,50846.2083
18,5,greedy_swap,61276.0387,51097.0108
18,5,oracle,61751.2717,51795.4327
18,5,random_search,61665.0004,50990.6969
18,5,simulated_annealing,61932.5020,51432.9890
18,5,GA,61884.0483,51400.8603
18,6,random_valid,61252.7351,50818.6020
18,6,perimeter_only,61533.1793,51100.9726
18,6,popularity_rank,61337.5764,50846.2083
18,6,greedy_swap,61275.8995,51097.0108
18,6,oracle,61751.5831,51795.4327
18,6,random_search,61694.2182,51316.1523
18,6,simulated_annealing,61950.7520,51375.1189
18,6,GA,61930.6887,51407.2425
18,7,random_valid,61282.2743,50818.6020
18,7,perimeter_only,61562.2553,51100.9726
18,7,popularity_rank,61366.9010,50846.2083
18,7,greedy_swap,61305.4467,51097.0108
18,7,oracle,61778.8662,51795.4327
18,7,random_search,61689.5768,51250.2182
18,7,simulated_annealing,61917.3214,51297.7292
18,7,GA,61903.1013,51293.7546
18,8,random_valid,61269.0565,50818.6020
18,8,perimeter_only,61550.2922,51100.9726
18,8,popularity_rank,61354.0080,50846.2083
18,8,greedy_swap,61292.5890,51097.0108
18,8,oracle,61767.7546,51795.4327
18,8,random_search,61751.5891,51196.0894
18,8,simulated_annealing,61921.3978,51231.0147
18,8,GA,61921.7293,51433.6951
18,9,random_valid,61310.0739,50818.6020
18,9,perimeter_only,61591.6510,51100.9726
18,9,popularity_rank,61394.8633,50846.2083
18,9,greedy_swap,61333.1624,51097.0108
18,9,oracle,61807.6464,51795.4327
18,9,random_search,61763.9746,51168.5897
18,9,simulated_annealing,62042.8266,51518.7192
18,9,GA,61948.9894,51631.2032
19,0,random_valid,63653.8661,53490.2648
19,0,perimeter_only,63616.8165,53464.2681
19,0,popularity_rank,63646.7958,53834.0160
19,0,greedy_swap,63691.7791,53930.1768
19,0,oracle,63659.1049,54514.5275
19,0,random_search,63906.4844,53345.1274
19,0,simulated_annealing,64109.7142,54003.7117
19,0,GA,64101.5143,53754.6309
19,1,random_valid,63552.2588,53490.2648
19,1,perimeter_only,63516.0556,53464.2681
19,1,popularity_rank,63545.1246,53834.0160
19,1,greedy_swap,63588.2351,53930.1768
19,1,oracle,63557.0981,54514.5275
19,1,random_search,63775.9173,53579.2519
19,1,simulated_annealing,63975.0268,53683.6686
19,1,GA,64030.8780,53976.5588
19,2,random_valid,63647.3282,53490.2648
19,2,perimeter_only,63609.7945,53464.2681
19,2,popularity_rank,63640.3897,53834.0160
19,2,greedy_swap,63683.4202,53930.1768
19,2,oracle,63651.9795,54514.5275
19,2,random_search,63867.0741,53956.5595
19,2,simulated_annealing,64104.4623,53817.4738
19,2,GA,64138.8407,53941.0973
19,3,random_valid,63628.4445,53490.2648
19,3,perimeter_only,63591.4669,53464.2681
19,3,popularity_rank,63621.3665,53834.0160
19,3,greedy_swap,63664.4290,53930.1768
19,3,oracle,63633.2126,54514.5275
19,3,random_search,63875.1139,53640.3097
19,3,simulated_annealing,64109.8413,54010.1913
19,3,GA,64113.5159,53966.7735
19,4,random_valid,63615.8615,53490.2648
19,4,perimeter_only,63578.9572,53464.2681
19,4,popularity_rank,63608.7930,53834.0160
19,4,greedy_swap,63652.5877,53930.1768
19,4,oracle,63620.6025,54514.5275
19,4,random_search,63850.2792,53511.2547
19,4,simulated_annealing,63984.0994,53777.9726
19,4,GA,64058.6078,53965.7339
19,5,random_valid,63637.1234,53490.2648
19,5,perimeter_only,63599.8215,53464.2681
19,5,popularity_rank,63629.7722,53834.0160
19,5,greedy_swap,63673.0539,53930.1768
19,5,oracle,63641.6263,54514.5275
19,5,random_search,63873.8980,53562.2143
19,5,simulated_annealing,64107.9713,53859.9753
19,5,GA,64141.7528,54012.2413
19,6,random_valid,63653.4060,53490.2648
19,6,perimeter_only,63616.5108,53464.2681
19,6,popularity_rank,63646.2134,53834.0160
19,6,greedy_swap,63688.9956,53930.1768
19,6,oracle,63657.9294,54514.5275
19,6,random_search,63880.4690,53581.8998
19,6,simulated_annealing,64110.1242,53921.0324
19,6,GA,64139.3625,53937.6750
19,7,random_valid,63601.0281,53490.2648
19,7,perimeter_only,63564.7201,53464.2681
19,7,popularity_rank,63593.8673,53834.0160
19,7,greedy_swap,63636.3994,53930.1768
19,7,oracle,63606.0251,54514.5275
19,7,random_search,63816.8360,53806.3126
19,7,simulated_annealing,64025.7196,53939.8566
19,7,GA,64065.4981,53871.3864
19,8,random_valid,63663.0214,53490.2648
19,8,perimeter_only,63627.1233,53464.2681
19,8,popularity_rank,63655.9913,53834.0160
19,8,greedy_swap,63698.1854,53930.1768
19,8,oracle,63667.6833,54514.5275
19,8,random_search,63877.4549,53781.6778
19,8,simulated_annealing,64150.3581,53891.1519
19,8,GA,64061.0905,53812.3952
19,9,random_valid,63653.9916,53490.2648
19,9,perimeter_only,63616.4355,53464.2681
19,9,popularity_rank,63646.7588,53834.0160
19,9,greedy_swap,63690.2468,53930.1768
19,9,oracle,63658.6323,54514.5275
19,9,random_search,63930.6142,53628.6300
19,9,simulated_annealing,64055.0037,53816.6068
19,9,GA,64148.6296,53956.6415
20,0,random_valid,119630.2789,86060.2399
20,0,perimeter_only,119925.1401,85624.3809
20,0,popularity_rank,119930.9334,86381.9830
20,0,greedy_swap,119943.2606,86452.9370
20,0,oracle,120372.8662,87700.3109
20,0,random_search,120586.7151,86967.5474
20,0,simulated_annealing,120950.1714,86887.1223
20,0,GA,121099.8985,86981.1662
20,1,random_valid,119646.2667,86060.2399
20,1,perimeter_only,119935.5902,85624.3809
20,1,popularity_rank,119942.5834,86381.9830
20,1,greedy_swap,119954.7581,86452.9370
20,1,oracle,120386.5839,87700.3109
20,1,random_search,120472.3451,86972.9409
20,1,simulated_annealing,120988.1420,87188.8345
20,1,GA,121124.3563,86978.2427
20,2,random_valid,119563.3950,86060.2399
20,2,perimeter_only,119853.9763,85624.3809
20,2,popularity_rank,119860.9668,86381.9830
20,2,greedy_swap,119873.2646,86452.9370
20,2,oracle,120305.8680,87700.3109
20,2,random_search,120609.5321,86698.9009
20,2,simulated_annealing,120926.4131,86987.9457
20,2,GA,120986.7450,87309.7159
20,3,random_valid,119689.1683,86060.2399
20,3,perimeter_only,119977.9704,85624.3809
20,3,popularity_rank,119983.0030,86381.9830
20,3,greedy_swap,119995.9662,86452.9370
20,3,oracle,120423.0708,87700.3109
20,3,random_search,120567.1174,85133.8293
20,3,simulated_annealing,121019.9866,87339.9166
20,3,GA,121107.9855,87067.6939
20,4,random_valid,119517.9374,86060.2399
20,4,perimeter_only,119806.0724,85624.3809
20,4,popularity_rank,119812.9161,86381.9830
20,4,greedy_swap,119825.6562,86452.9370
20,4,oracle,120256.3871,87700.3109
20,4,random_search,120284.9277,86898.6261
20,4,simulated_annealing,120865.5660,86992.3010
20,4,GA,120968.6364,86970.5125
20,5,random_valid,119436.4590,86060.2399
20,5,perimeter_only,119725.7333,85624.3809
20,5,popularity_rank,119732.1674,86381.9830
20,5,greedy_swap,119744.9553,86452.9370
20,5,oracle,120173.4849,87700.3109
20,5,random_search,120158.6572,86621.0608
20,5,simulated_annealing,120771.0538,87007.7399
20,5,GA,120917.1639,87007.8133
20,6,random_valid,119595.6875,86060.2399
20,6,perimeter_only,119882.7262,85624.3809
20,6,popularity_rank,119887.2045,86381.9830
20,6,greedy_swap,119899.9412,86452.9370
20,6,oracle,120327.1566,87700.3109
20,6,random_search,120320.7767,86542.4331
20,6,simulated_annealing,120922.1555,87339.0872
20,6,GA,121072.7505,86996.3862
20,7,random_valid,119601.8960,86060.2399
20,7,perimeter_only,119887.9410,85624.3809
20,7,popularity_rank,119892.8317,86381.9830
20,7,greedy_swap,119905.7951,86452.9370
20,7,oracle,120339.5226,87700.3109
20,7,random_search,120325.6603,86775.5490
20,7,simulated_annealing,120897.9048,87289.9335
20,7,GA,121067.7868,86986.7974
20,8,random_valid,119601.6885,86060.2399
20,8,perimeter_only,119891.0711,85624.3809
20,8,popularity_rank,119897.1200,86381.9830
20,8,greedy_swap,119909.9620,86452.9370
20,8,oracle,120339.3052,87700.3109
20,8,random_search,120353.7228,86589.5413
20,8,simulated_annealing,120957.2555,87149.0826
20,8,GA,121068.2986,87032.0494
20,9,random_valid,119531.1210,86060.2399
20,9,perimeter_only,119819.1482,85624.3809
20,9,popularity_rank,119826.4954,86381.9830
20,9,greedy_swap,119838.7937,86452.9370
20,9,oracle,120272.0267,87700.3109
20,9,random_search,120168.0509,86667.7811
20,9,simulated_annealing,120878.2655,87223.2501
20,9,GA,120962.5981,87314.6486
21,0,random_valid,67845.2223,50544.5851
21,0,perimeter_only,68084.7973,49475.5784
21,0,popularity_rank,68025.9163,50517.6680
21,0,greedy_swap,68213.7638,51199.2837
21,0,oracle,68484.9935,51813.4052
21,0,random_search,68540.5411,51427.0160
21,0,simulated_annealing,68750.6314,51076.8067
21,0,GA,68738.0790,51687.8157
21,1,random_valid,67916.8593,50544.5851
21,1,perimeter_only,68156.5688,49475.5784
21,1,popularity_rank,68097.9949,50517.6680
21,1,greedy_swap,68286.8782,51199.2837
21,1,oracle,68557.3071,51813.4052
21,1,random_search,68568.2691,51480.8077
21,1,simulated_annealing,68812.6383,51059.7899
21,1,GA,68857.1156,51509.4645
21,2,random_valid,67936.9146,50544.5851
21,2,perimeter_only,68176.5443,49475.5784
21,2,popularity_rank,68117.9330,50517.6680
21,2,greedy_swap,68306.1021,51199.2837
21,2,oracle,68576.3326,51813.4052
21,2,random_search,68601.6892,51460.9991
21,2,simulated_annealing,68760.0317,51158.3970
21,2,GA,68846.7916,51587.9750
21,3,random_valid,67853.6290,50544.5851
21,3,perimeter_only,68094.2944,49475.5784
21,3,popularity_rank,68036.0051,50517.6680
21,3,greedy_swap,68222.9861,51199.2837
21,3,oracle,68490.7627,51813.4052
21,3,random_search,68483.7699,51437.1386
21,3,simulated_annealing,68804.2392,51774.8757
21,3,GA,68769.1486,51622.1006
21,4,random_valid,67943.1564,50544.5851
21,4,perimeter_only,68181.0146,49475.5784
21,4,popularity_rank,68121.5770,50517.6680
21,4,greedy_swap,68310.8435,51199.2837
21,4,oracle,68583.1700,51813.4052
21,4,random_search,68635.6411,51445.4176
21,4,simulated_annealing,68840.7710,51158.3800
21,4,GA,68826.6144,51674.1234
21,5,random_valid,67912.1980,50544.5851
21,5,perimeter_only,68151.3509,49475.5784
21,5,popularity_rank,68093.2869,50517.6680
21,5,greedy_swap,68281.5236,51199.2837
21,5,oracle,68552.4599,51813.4052
21,5,random_search,68527.4645,51474.6033
21,5,simulated_annealing,68722.0231,51024.4469
21,5,GA,68812.1357,51630.9189
21,6,random_valid,67878.6943,50544.5851
21,6,perimeter_only,68118.1306,49475.5784
21,6,popularity_rank,68059.6624,50517.6680
21,6,greedy_swap,68246.9335,51199.2837
21,6,oracle,68517.5893,51813.4052
21,6,random_search,68496.5116,51436.2583
21,6,simulated_annealing,68682.6123,51217.6601
21,6,GA,68777.1297,51641.5368
21,7,random_valid,67825.0120,50544.5851
21,7,perimeter_only,68066.2332,49475.5784
21,7,popularity_rank,68008.1307,50517.6680
21,7,greedy_swap,68194.6171,51199.2837
21,7,oracle,68466.0190,51813.4052
21,7,random_search,68506.6038,51476.8543
21,7,simulated_annealing,68660.7888,51110.8211
21,7,GA,68748.0860,51578.2811
21,8,random_valid,67921.0277,50544.5851
21,8,perimeter_only,68158.6773,49475.5784
21,8,popularity_rank,68100.8182,50517.6680
21,8,greedy_swap,68291.4990,51199.2837
21,8,oracle,68561.2731,51813.4052
21,8,random_search,68565.3320,51458.9900
21,8,simulated_annealing,68811.0305,51088.4286
21,8,GA,68811.1073,51619.4860
21,9,random_valid,67913.4421,50544.5851
21,9,perimeter_only,68152.0469,49475.5784
21,9,popularity_rank,68094.5084,50517.6680
21,9,greedy_swap,68282.4581,51199.2837
21,9,oracle,68552.9392,51813.4052
21,9,random_search,68519.6592,51402.0682
21,9,simulated_annealing,68820.8341,51057.5612
21,9,GA,68811.8332,51607.1989
22,0,random_valid,99089.0174,69444.0391
22,0,perimeter_only,98916.5002,69437.0059
22,0,popularity_rank,99272.2973,71396.5583
22,0,greedy_swap,99272.2973,71396.5583
22,0,oracle,99792.0760,72206.5918
22,0,random_search,99751.1613,71665.3713
22,0,simulated_annealing,100112.3262,72043.3152
22,0,GA,100174.8830,72002.5691
22,1,random_valid,98964.3892,69444.0391
22,1,perimeter_only,98790.5957,69437.0059
22,1,popularity_rank,99148.7182,71396.5583
22,1,greedy_swap,99148.7182,71396.5583
22,1,oracle,99664.0046,72206.5918
22,1,random_search,99607.0429,71659.0112
22,1,simulated_annealing,99885.8707,72136.3436
22,1,GA,100061.0428,71922.0521
22,2,random_valid,98898.7659,69444.0391
22,2,perimeter_only,98726.8393,69437.0059
22,2,popularity_rank,99079.2374,71396.5583
22,2,greedy_swap,99079.2374,71396.5583
22,2,oracle,99599.8997,72206.5918
22,2,random_search,99593.6821,71589.0629
22,2,simulated_annealing,99796.4550,72101.2930
22,2,GA,99985.3506,72003.8225
22,3,random_valid,99030.3808,69444.0391
22,3,perimeter_only,98861.8457,69437.0059
22,3,popularity_rank,99215.0431,71396.5583
22,3,greedy_swap,99215.0431,71396.5583
22,3,oracle,99734.0279,72206.5918
22,3,random_search,99543.3168,71587.6294
22,3,simulated_annealing,100025.2118,72048.5337
22,3,GA,100145.5856,72016.1593
22,4,random_valid,98981.8819,69444.0391
22,4,perimeter_only,98811.5022,69437.0059
22,4,popularity_rank,99164.6952,71396.5583
22,4,greedy_swap,99164.6952,71396.5583
22,4,oracle,99681.1896,72206.5918
22,4,random_search,99593.5127,71744.6764
22,4,simulated_annealing,99998.4364,72116.9355
22,4,GA,100012.0149,71977.5800
22,5,random_valid,99057.5787,69444.0391
22,5,perimeter_only,98887.1466,69437.0059
22,5,popularity_rank,99240.0168,71396.5583
22,5,greedy_swap,99240.0168,71396.5583
22,5,oracle,99757.0455,72206.5918
22,5,random_search,99644.4601,71669.5600
22,5,simulated_annealing,99989.2896,72001.1890
22,5,GA,100125.0607,71944.4109
22,6,random_valid,99010.0424,69444.0391
22,6,perimeter_only,98841.5325,69437.0059
22,6,popularity_rank,99193.1837,71396.5583
22,6,greedy_swap,99193.1837,71396.5583
22,6,oracle,99710.6555,72206.5918
22,6,random_search,99556.8632,71618.5270
22,6,simulated_annealing,99929.4657,72110.0117
22,6,GA,100088.2185,72055.9378
22,7,random_valid,99076.3050,69444.0391
22,7,perimeter_only,98904.5455,69437.0059
22,7,popularity_rank,99260.6712,71396.5583
22,7,greedy_swap,99260.6712,71396.5583
22,7,oracle,99776.3377,72206.5918
22,7,random_search,99628.8617,71616.7711
22,7,simulated_annealing,100049.0735,72069.3376
22,7,GA,100162.2810,71972.3819
22,8,random_valid,99039.6301,69444.0391
22,8,perimeter_only,98865.9709,69437.0059
22,8,popularity_rank,99223.3125,71396.5583
22,8,greedy_swap,99223.3125,71396.5583
22,8,oracle,99738.3887,72206.5918
22,8,random_search,99576.1734,71706.5721
22,8,simulated_annealing,100084.0550,72057.4074
22,8,GA,100112.3589,71931.4258
22,9,random_valid,98914.6220,69444.0391
22,9,perimeter_only,98747.8756,69437.0059
22,9,popularity_rank,99097.4453,71396.5583
22,9,greedy_swap,99097.4453,71396.5583
22,9,oracle,99618.5544,72206.5918
22,9,random_search,99439.1482,70742.0912
22,9,simulated_annealing,99937.1261,72011.8306
22,9,GA,100004.8601,72031.4700
23,0,random_valid,85761.0676,62906.1488
23,0,perimeter_only,86263.9441,63042.7171
23,0,popularity_rank,86138.6033,62866.9307
23,0,greedy_swap,86153.9939,62869.3007
23,0,oracle,86845.9928,63769.1923
23,0,random_search,86866.0985,63121.5422
23,0,simulated_annealing,87111.4029,63334.7075
23,0,GA,87236.1797,63387.4493
23,1,random_valid,85898.9670,62906.1488
23,1,perimeter_only,86405.3812,63042.7171
23,1,popularity_rank,86281.0905,62866.9307
23,1,greedy_swap,86297.4092,62869.3007
23,1,oracle,86989.4773,63769.1923
23,1,random_search,86941.5454,63327.4288
23,1,simulated_annealing,87220.8503,63477.9943
23,1,GA,87368.6656,63198.7963
23,2,random_valid,85796.4222,62906.1488
23,2,perimeter_only,86300.8940,63042.7171
23,2,popularity_rank,86174.6682,62866.9307
23,2,greedy_swap,86190.7963,62869.3007
23,2,oracle,86881.2292,63769.1923
23,2,random_search,86881.2116,63398.4517
23,2,simulated_annealing,87122.9844,63398.8595
23,2,GA,86992.9437,63134.5336
23,3,random_valid,85816.8777,62906.1488
23,3,perimeter_only,86323.9343,63042.7171
23,3,popularity_rank,86200.8938,62866.9307
23,3,greedy_swap,86216.7133,62869.3007
23,3,oracle,86906.2385,63769.1923
23,3,random_search,86875.4140,63246.1437
23,3,simulated_annealing,87182.3895,63387.4398
23,3,GA,87247.2163,63334.4950
23,4,random_valid,85728.0994,62906.1488
23,4,perimeter_only,86233.0520,63042.7171
23,4,popularity_rank,86107.3138,62866.9307
23,4,greedy_swap,86122.8657,62869.3007
23,4,oracle,86812.8880,63769.1923
23,4,random_search,86780.8921,63128.1273
23,4,simulated_annealing,87045.4397,63025.5711
23,4,GA,87124.0960,63194.6300
23,5,random_valid,85875.1010,62906.1488
23,5,perimeter_only,86377.6210,63042.7171
23,5,popularity_rank,86252.4869,62866.9307
23,5,greedy_swap,86268.6801,62869.3007
23,5,oracle,86960.4838,63769.1923
23,5,random_search,86885.0887,63046.7657
23,5,simulated_annealing,87170.5639,63331.2542
23,5,GA,87152.8080,63234.7837
23,6,random_valid,85829.4983,62906.1488
23,6,perimeter_only,86334.9811,63042.7171
23,6,popularity_rank,86210.0649,62866.9307
23,6,greedy_swap,86226.0392,62869.3007
23,6,oracle,86915.6983,63769.1923
23,6,random_search,86963.1365,63085.3496
23,6,simulated_annealing,87144.2932,63371.7023
23,6,GA,87240.4857,63041.0150
23,7,random_valid,85829.5812,62906.1488
23,7,perimeter_only,86335.4379,63042.7171
23,7,popularity_rank,86212.2785,62866.9307
23,7,greedy_swap,86228.8455,62869.3007
23,7,oracle,86916.1551,63769.1923
23,7,random_search,86791.9914,63164.8071
23,7,simulated_annealing,87157.7824,63366.4468
23,7,GA,87322.3318,63297.9538
23,8,random_valid,85927.9509,62906.1488
23,8,perimeter_only,86432.6046,63042.7171
23,8,popularity_rank,86308.5895,62866.9307
23,8,greedy_swap,86324.6946,62869.3007
23,8,oracle,87012.7989,63769.1923
23,8,random_search,87000.1602,63425.8877
23,8,simulated_annealing,87217.6107,63445.6855
23,8,GA,87451.7291,63441.5017
23,9,random_valid,85782.6496,62906.1488
23,9,perimeter_only,86286.9522,63042.7171
23,9,popularity_rank,86163.0144,62866.9307
23,9,greedy_swap,86179.5247,62869.3007
23,9,oracle,86870.3903,63769.1923
23,9,random_search,86835.7772,63225.0102
23,9,simulated_annealing,87125.7755,63418.8548
23,9,GA,86970.8303,63300.7729
24,0,random_valid,99241.7549,87313.5405
24,0,perimeter_only,98952.5779,87276.8706
24,0,popularity_rank,99185.2694,88274.0037
24,0,greedy_swap,99484.3205,88526.4553
24,0,oracle,99655.3668,89794.4803
24,0,random_search,99692.2726,88277.4207
24,0,simulated_annealing,100140.0644,89256.0067
24,0,GA,99915.9207,88743.1260
24,1,random_valid,99113.4729,87313.5405
24,1,perimeter_only,98822.8555,87276.8706
24,1,popularity_rank,99057.2392,88274.0037
24,1,greedy_swap,99353.5154,88526.4553
24,1,oracle,99526.2832,89794.4803
24,1,random_search,99766.6812,88492.0318
24,1,simulated_annealing,99841.6938,89190.5762
24,1,GA,99806.2673,88896.7442
24,2,random_valid,99289.3953,87313.5405
24,2,perimeter_only,99000.7313,87276.8706
24,2,popularity_rank,99232.2836,88274.0037
24,2,greedy_swap,99533.3865,88526.4553
24,2,oracle,99704.8868,89794.4803
24,2,random_search,99834.7115,89087.2997
24,2,simulated_annealing,99864.6941,88984.8322
24,2,GA,100024.0309,88104.8919
24,3,random_valid,99200.1449,87313.5405
24,3,perimeter_only,98913.4735,87276.8706
24,3,popularity_rank,99142.6773,88274.0037
24,3,greedy_swap,99445.8519,88526.4553
24,3,oracle,99617.5003,89794.4803
24,3,random_search,99721.4136,89304.3484
24,3,simulated_annealing,100095.6759,89464.6619
24,3,GA,99737.9746,88392.8816
24,4,random_valid,99261.7672,87313.5405
24,4,perimeter_only,98972.6758,87276.8706
24,4,popularity_rank,99204.7603,88274.0037
24,4,greedy_swap,99501.1468,88526.4553
24,4,oracle,99670.8517,89794.4803
24,4,random_search,99800.3146,88653.3473
24,4,simulated_annealing,100211.1191,89342.6669
24,4,GA,99835.8275,88307.7973
24,5,random_valid,99157.7165,87313.5405
24,5,perimeter_only,98867.3201,87276.8706
24,5,popularity_rank,99101.5005,88274.0037
24,5,greedy_swap,99397.9456,88526.4553
24,5,oracle,99566.9716,89794.4803
24,5,random_search,99686.6650,88426.9772
24,5,simulated_annealing,100015.9530,88654.3623
24,5,GA,99893.3520,88268.9997
24,6,random_valid,99108.4864,87313.5405
24,6,perimeter_only,98821.0256,87276.8706
24,6,popularity_rank,99052.0236,88274.0037
24,6,greedy_swap,99348.8097,88526.4553
24,6,oracle,99519.2937,89794.4803
24,6,random_search,99642.9980,88405.0731
24,6,simulated_annealing,99976.8480,89358.1942
24,6,GA,99578.8625,87407.0504
24,7,random_valid,99230.9724,87313.5405
24,7,perimeter_only,98941.8729,87276.8706
24,7,popularity_rank,99174.5981,88274.0037
24,7,greedy_swap,99471.8077,88526.4553
24,7,oracle,99644.8572,89794.4803
24,7,random_search,99765.1946,88386.1795
24,7,simulated_annealing,99988.1568,89305.4168
24,7,GA,99934.8534,89184.8774
24,8,random_valid,99115.4376,87313.5405
24,8,perimeter_only,98830.0471,87276.8706
24,8,popularity_rank,99059.3174,88274.0037
24,8,greedy_swap,99355.2193,88526.4553
24,8,oracle,99527.3066,89794.4803
24,8,random_search,99770.2924,89131.1928
24,8,simulated_annealing,99832.9900,88971.4810
24,8,GA,99976.1549,89051.9538
24,9,random_valid,99210.1864,87313.5405
24,9,perimeter_only,98923.2522,87276.8706
24,9,popularity_rank,99153.3544,88274.0037
24,9,greedy_swap,99452.2366,88526.4553
24,9,oracle,99625.8721,89794.4803
24,9,random_search,99671.7899,88815.8842
24,9,simulated_annealing,99897.9455,88714.5685
24,9,GA,99980.8245,88381.6685
25,0,random_valid,113253.0901,96047.9469
25,0,perimeter_only,113120.2181,94468.1162
25,0,popularity_rank,113170.6479,95329.6266
25,0,greedy_swap,113282.0973,95799.7065
25,0,oracle,113778.0779,97140.7607
25,0,random_search,113858.0671,96203.0857
25,0,simulated_annealing,114439.9130,96920.5564
25,0,GA,114424.5218,96866.5947
25,1,random_valid,113324.6970,96047.9469
25,1,perimeter_only,113195.7411,94468.1162
25,1,popularity_rank,113243.9132,95329.6266
25,1,greedy_swap,113352.5250,95799.7065
25,1,oracle,113843.5349,97140.7607
25,1,random_search,113842.8836,96127.9026
25,1,simulated_annealing,114474.1532,96695.6087
25,1,GA,114473.7030,96916.3797
25,2,random_valid,113304.1808,96047.9469
25,2,perimeter_only,113172.2091,94468.1162
25,2,popularity_rank,113221.3143,95329.6266
25,2,greedy_swap,113331.8499,95799.7065
25,2,oracle,113824.3644,97140.7607
25,2,random_search,113898.5910,95775.1723
25,2,simulated_annealing,114389.7832,96477.4112
25,2,GA,114460.3523,96808.9635
25,3,random_valid,113292.0639,96047.9469
25,3,perimeter_only,113160.3269,94468.1162
25,3,popularity_rank,113208.0317,95329.6266
25,3,greedy_swap,113319.6409,95799.7065
25,3,oracle,113812.7242,97140.7607
25,3,random_search,113908.8294,96384.2086
25,3,simulated_annealing,114409.3279,96852.6367
25,3,GA,114448.0576,96893.4406
25,4,random_valid,113328.5435,96047.9469
25,4,perimeter_only,113197.0128,94468.1162
25,4,popularity_rank,113246.3666,95329.6266
25,4,greedy_swap,113356.4090,95799.7065
25,4,oracle,113846.1606,97140.7607
25,4,random_search,113981.5337,96193.3321
25,4,simulated_annealing,114474.5894,96949.3670
25,4,GA,114453.1399,96861.0288
25,5,random_valid,113273.0981,96047.9469
25,5,perimeter_only,113143.4011,94468.1162
25,5,popularity_rank,113191.4904,95329.6266
25,5,greedy_swap,113301.2140,95799.7065
25,5,oracle,113791.0951,97140.7607
25,5,random_search,113735.9000,95888.4096
25,5,simulated_annealing,114322.9354,96344.1243
25,5,GA,114382.3052,96461.1721
25,6,random_valid,113327.9406,96047.9469
25,6,perimeter_only,113197.8446,94468.1162
25,6,popularity_rank,113246.1213,95329.6266
25,6,greedy_swap,113355.5855,95799.7065
25,6,oracle,113846.5988,97140.7607
25,6,random_search,113785.8125,96380.8289
25,6,simulated_annealing,114397.3902,96322.9873
25,6,GA,114499.4612,96880.3599
25,7,random_valid,113300.4456,96047.9469
25,7,perimeter_only,113170.3936,94468.1162
25,7,popularity_rank,113217.7694,95329.6266
25,7,greedy_swap,113327.4853,95799.7065
25,7,oracle,113816.7239,97140.7607
25,7,random_search,113836.5029,96212.3796
25,7,simulated_annealing,114415.2253,96643.8950
25,7,GA,114502.7878,96958.5701
25,8,random_valid,113314.1711,96047.9469
25,8,perimeter_only,113182.5671,94468.1162
25,8,popularity_rank,113231.4494,95329.6266
25,8,greedy_swap,113342.3568,95799.7065
25,8,oracle,113836.3872,97140.7607
25,8,random_search,113775.3213,95746.2498
25,8,simulated_annealing,114365.6336,96519.9983
25,8,GA,114471.6702,96845.1700
25,9,random_valid,113260.5528,96047.9469
25,9,perimeter_only,113129.3666,94468.1162
25,9,popularity_rank,113177.7408,95329.6266
25,9,greedy_swap,113287.1192,95799.7065
25,9,oracle,113779.5497,97140.7607
25,9,random_search,113818.7237,95844.7470
25,9,simulated_annealing,114361.4708,96837.2475
25,9,GA,114421.0898,96928.9827
26,0,random_valid,84629.5022,63749.4738
26,0,perimeter_only,84648.7854,63689.1182
26,0,popularity_rank,84240.8311,63512.8040
26,0,greedy_swap,84361.1520,63764.2947
26,0,oracle,84314.9188,64356.0904
26,0,random_search,84853.4290,63665.8894
26,0,simulated_annealing,85145.5893,64075.0527
26,0,GA,85012.6018,63783.6170
26,1,random_valid,84622.3475,63749.4738
26,1,perimeter_only,84641.5374,63689.1182
26,1,popularity_rank,84233.5270,63512.8040
26,1,greedy_swap,84354.9329,63764.2947
26,1,oracle,84308.4108,64356.0904
26,1,random_search,84876.7840,63760.6019
26,1,simulated_annealing,85119.8488,63995.1143
26,1,GA,85009.9710,63740.6787
26,2,random_valid,84565.4045,63749.4738
26,2,perimeter_only,84584.7881,63689.1182
26,2,popularity_rank,84173.7377,63512.8040
26,2,greedy_swap,84294.5718,63764.2947
26,2,oracle,84248.0449,64356.0904
26,2,random_search,84747.3209,63590.3812
26,2,simulated_annealing,84988.3102,64157.9535
26,2,GA,84995.4587,63776.8888
26,3,random_valid,84706.6348,63749.4738
26,3,perimeter_only,84725.7673,63689.1182
26,3,popularity_rank,84317.5539,63512.8040
26,3,greedy_swap,84435.8648,63764.2947
26,3,oracle,84389.8941,64356.0904
26,3,random_search,84937.9332,63719.9001
26,3,simulated_annealing,85179.4491,63997.8595
26,3,GA,85085.2181,63803.2712
26,4,random_valid,84739.0298,63749.4738
26,4,perimeter_only,84758.2086,63689.1182
26,4,popularity_rank,84350.3726,63512.8040
26,4,greedy_swap,84470.6449,63764.2947
26,4,oracle,84424.1608,64356.0904
26,4,random_search,84935.7314,63649.4502
26,4,simulated_annealing,85229.8410,63996.5189
26,4,GA,85046.5094,63674.8072
26,5,random_valid,84645.2678,63749.4738
26,5,perimeter_only,84664.4954,63689.1182
26,5,popularity_rank,84252.2151,63512.8040
26,5,greedy_swap,84374.1626,63764.2947
26,5,oracle,84327.8058,64356.0904
26,5,random_search,84794.4065,63674.7788
26,5,simulated_annealing,85034.1609,64002.0079
26,5,GA,84972.2877,63875.4367
26,6,random_valid,84583.4626,63749.4738
26,6,perimeter_only,84602.4667,63689.1182
26,6,popularity_rank,84193.2821,63512.8040
26,6,greedy_swap,84313.8362,63764.2947
26,6,oracle,84267.2525,64356.0904
26,6,random_search,84816.0399,63620.4392
26,6,simulated_annealing,85003.7652,63832.4213
26,6,GA,84986.8049,63770.0111
26,7,random_valid,84691.5909,63749.4738
26,7,perimeter_only,84710.6887,63689.1182
26,7,popularity_rank,84300.7231,63512.8040
26,7,greedy_swap,84421.3401,63764.2947
26,7,oracle,84375.5548,64356.0904
26,7,random_search,84905.3042,63749.0674
26,7,simulated_annealing,85102.8938,63994.4221
26,7,GA,85281.0724,63967.2175
26,8,random_valid,84663.2897,63749.4738
26,8,perimeter_only,84682.5703,63689.1182
26,8,popularity_rank,84270.8185,63512.8040
26,8,greedy_swap,84392.0446,63764.2947
26,8,oracle,84344.7193,64356.0904
26,8,random_search,84859.7754,63811.0896
26,8,simulated_annealing,85133.6817,64180.4459
26,8,GA,85028.3223,63882.6960
26,9,random_valid,84678.8159,63749.4738
26,9,perimeter_only,84698.0311,63689.1182
26,9,popularity_rank,84287.8372,63512.8040
26,9,greedy_swap,84406.1919,63764.2947
26,9,oracle,84361.0482,64356.0904
26,9,random_search,84832.3873,63902.7327
26,9,simulated_annealing,85186.8570,64124.9536
26,9,GA,85073.8978,63867.5954
27,0,random_valid,92515.0930,81010.9916
27,0,perimeter_only,92518.0170,81095.9937
27,0,popularity_rank,92554.2508,81321.0883
27,0,greedy_swap,92741.5296,81763.0795
27,0,oracle,92691.3321,82847.1821
27,0,random_search,93088.0812,81277.3591
27,0,simulated_annealing,93239.2847,81530.2206
27,0,GA,93212.7125,81259.8459
27,1,random_valid,92367.3752,81010.9916
27,1,perimeter_only,92371.3167,81095.9937
27,1,popularity_rank,92404.7305,81321.0883
27,1,greedy_swap,92591.3360,81763.0795
27,1,oracle,92539.3225,82847.1821
27,1,random_search,92934.3837,81289.8453
27,1,simulated_annealing,93155.5348,81491.3579
27,1,GA,93136.1309,81510.6798
27,2,random_valid,92435.0584,81010.9916
27,2,perimeter_only,92438.8144,81095.9937
27,2,popularity_rank,92473.5792,81321.0883
27,2,greedy_swap,92661.2553,81763.0795
27,2,oracle,92609.8824,82847.1821
27,2,random_search,92940.5525,80975.9103
27,2,simulated_annealing,93422.9271,81792.6184
27,2,GA,92994.3922,81551.2440
27,3,random_valid,92454.9398,81010.9916
27,3,perimeter_only,92459.0405,81095.9937
27,3,popularity_rank,92494.2220,81321.0883
27,3,greedy_swap,92686.0859,81763.0795
27,3,oracle,92632.3690,82847.1821
27,3,random_search,93028.0787,81138.2414
27,3,simulated_annealing,93236.5091,81542.3968
27,3,GA,93233.1047,81628.4969
27,4,random_valid,92415.9631,81010.9916
27,4,perimeter_only,92419.7705,81095.9937
27,4,popularity_rank,92453.9994,81321.0883
27,4,greedy_swap,92642.7799,81763.0795
27,4,oracle,92591.4515,82847.1821
27,4,random_search,93005.7407,80767.9596
27,4,simulated_annealing,93201.4039,81587.2096
27,4,GA,93196.4852,81590.6752
27,5,random_valid,92420.8213,81010.9916
27,5,perimeter_only,92424.6657,81095.9937
27,5,popularity_rank,92459.2052,81321.0883
27,5,greedy_swap,92647.3044,81763.0795
27,5,oracle,92596.0980,82847.1821
27,5,random_search,93042.7567,81667.9852
27,5,simulated_annealing,93120.0100,81473.2576
27,5,GA,92989.4304,81495.6892
27,6,random_valid,92449.5891,81010.9916
27,6,perimeter_only,92453.2480,81095.9937
27,6,popularity_rank,92486.4732,81321.0883
27,6,greedy_swap,92677.6470,81763.0795
27,6,oracle,92623.7249,82847.1821
27,6,random_search,93097.2273,81488.7418
27,6,simulated_annealing,93273.4613,81571.7806
27,6,GA,93209.5008,81541.7170
27,7,random_valid,92418.2101,81010.9916
27,7,perimeter_only,92422.0502,81095.9937
27,7,popularity_rank,92456.6550,81321.0883
27,7,greedy_swap,92643.8882,81763.0795
27,7,oracle,92592.2316,82847.1821
27,7,random_search,92973.4662,81980.6669
27,7,simulated_annealing,93141.3811,81568.8044
27,7,GA,93413.0746,81729.3037
27,8,random_valid,92407.7321,81010.9916
27,8,perimeter_only,92411.4635,81095.9937
27,8,popularity_rank,92445.7480,81321.0883
27,8,greedy_swap,92634.3375,81763.0795
27,8,oracle,92582.0633,82847.1821
27,8,random_search,93011.0988,80771.1452
27,8,simulated_annealing,93165.1783,81709.5346
27,8,GA,93159.0917,81642.3967
27,9,random_valid,92426.6418,81010.9916
27,9,perimeter_only,92429.5319,81095.9937
27,9,popularity_rank,92464.2858,81321.0883
27,9,greedy_swap,92654.7372,81763.0795
27,9,oracle,92601.9326,82847.1821
27,9,random_search,93021.7470,81039.1353
27,9,simulated_annealing,93228.1037,81614.7278
27,9,GA,93206.6034,81716.3978
28,0,random_valid,88648.0556,66168.6900
28,0,perimeter_only,89146.1885,66960.0653
28,0,popularity_rank,88851.8305,65544.6445
28,0,greedy_swap,89026.6957,66561.7211
28,0,oracle,89562.9858,67586.9165
28,0,random_search,89559.1887,66561.7569
28,0,simulated_annealing,89844.4716,66105.6562
28,0,GA,89925.8852,66729.8978
28,1,random_valid,88636.3219,66168.6900
28,1,perimeter_only,89135.4722,66960.0653
28,1,popularity_rank,88842.9185,65544.6445
28,1,greedy_swap,89016.6692,66561.7211
28,1,oracle,89549.0097,67586.9165
28,1,random_search,89478.2559,66476.4619
28,1,simulated_annealing,89869.6077,66229.9283
28,1,GA,89946.0302,66032.7764
28,2,random_valid,88595.2621,66168.6900
28,2,perimeter_only,89092.0440,66960.0653
28,2,popularity_rank,88800.5578,65544.6445
28,2,greedy_swap,88973.0839,66561.7211
28,2,oracle,89506.6640,67586.9165
28,2,random_search,89510.2408,65524.3889
28,2,simulated_annealing,89763.0292,66189.8233
28,2,GA,89778.3081,66162.5760
28,3,random_valid,88641.9516,66168.6900
28,3,perimeter_only,89137.7318,66960.0653
28,3,popularity_rank,88846.9515,65544.6445
28,3,greedy_swap,89018.0269,66561.7211
28,3,oracle,89552.0930,67586.9165
28,3,random_search,89610.2862,66676.8938
28,3,simulated_annealing,89972.2742,67010.4757
28,3,GA,89992.0886,66200.4534
28,4,random_valid,88491.9015,66168.6900
28,4,perimeter_only,88988.6487,66960.0653
28,4,popularity_rank,88693.7713,65544.6445
28,4,greedy_swap,88870.5656,66561.7211
28,4,oracle,89401.2470,67586.9165
28,4,random_search,89304.7706,66815.0757
28,4,simulated_annealing,89749.8917,66313.8699
28,4,GA,89830.4334,66627.8861
28,5,random_valid,88662.5252,66168.6900
28,5,perimeter_only,89157.4191,66960.0653
28,5,popularity_rank,88866.8075,65544.6445
28,5,greedy_swap,89040.2713,66561.7211
28,5,oracle,89575.5537,67586.9165
28,5,random_search,89450.8975,66481.1942
28,5,simulated_annealing,89882.6200,66271.2849
28,5,GA,90088.8114,66710.3609
28,6,random_valid,88556.1907,66168.6900
28,6,perimeter_only,89051.0864,66960.0653
28,6,popularity_rank,88757.7923,65544.6445
28,6,greedy_swap,88933.1832,66561.7211
28,6,oracle,89466.5297,67586.9165
28,6,random_search,89527.1736,66663.7085
28,6,simulated_annealing,89920.8731,66914.4986
28,6,GA,89841.0336,66024.9930
28,7,random_valid,88591.4261,66168.6900
28,7,perimeter_only,89087.8977,66960.0653
28,7,popularity_rank,88798.6967,65544.6445
28,7,greedy_swap,88970.9802,66561.7211
28,7,oracle,89502.0685,67586.9165
28,7,random_search,89401.7063,66624.6866
28,7,simulated_annealing,89743.9500,66354.0750
28,7,GA,90035.3402,66972.5678
28,8,random_valid,88588.1872,66168.6900
28,8,perimeter_only,89085.4082,66960.0653
28,8,popularity_rank,88791.9269,65544.6445
28,8,greedy_swap,88965.8497,66561.7211
28,8,oracle,89497.7277,67586.9165
28,8,random_search,89443.0407,66800.8023
28,8,simulated_annealing,89823.0201,66210.0365
28,8,GA,89823.4806,66191.8349
28,9,random_valid,88613.8150,66168.6900
28,9,perimeter_only,89107.4133,66960.0653
28,9,popularity_rank,88816.3682,65544.6445
28,9,greedy_swap,88989.8381,66561.7211
28,9,oracle,89522.6168,67586.9165
28,9,random_search,89477.5295,65516.0288
28,9,simulated_annealing,90039.6090,66864.9223
28,9,GA,89890.0415,66122.7614
29,0,random_valid,53784.8601,42022.6283
29,0,perimeter_only,53766.4130,41509.2263
29,0,popularity_rank,53718.8144,41626.5869
29,0,greedy_swap,53882.2867,41945.7077
29,0,oracle,53962.8272,42516.7054
29,0,random_search,54095.1723,42226.5349
29,0,simulated_annealing,54177.5603,42122.6545
29,0,GA,54161.7015,42091.2233
29,1,random_valid,53871.8456,42022.6283
29,1,perimeter_only,53853.9093,41509.2263
29,1,popularity_rank,53805.9888,41626.5869
29,1,greedy_swap,53969.3493,41945.7077
29,1,oracle,54050.7025,42516.7054
29,1,random_search,54212.4420,41858.0697
29,1,simulated_annealing,54194.9399,41898.2019
29,1,GA,54262.6803,42126.6736
29,2,random_valid,53840.8073,42022.6283
29,2,perimeter_only,53822.9350,41509.2263
29,2,popularity_rank,53775.2279,41626.5869
29,2,greedy_swap,53939.0815,41945.7077
29,2,oracle,54019.7767,42516.7054
29,2,random_search,54086.4570,42066.9708
29,2,simulated_annealing,54260.2567,42090.6634
29,2,GA,54121.4576,41383.2804
29,3,random_valid,53880.4006,42022.6283
29,3,perimeter_only,53862.0868,41509.2263
29,3,popularity_rank,53813.9219,41626.5869
29,3,greedy_swap,53978.5966,41945.7077
29,3,oracle,54059.8144,42516.7054
29,3,random_search,54122.0438,42191.0014
29,3,simulated_annealing,54282.8075,42045.9850
29,3,GA,54148.4239,41373.3290
29,4,random_valid,53886.6815,42022.6283
29,4,perimeter_only,53868.8131,41509.2263
29,4,popularity_rank,53820.8398,41626.5869
29,4,greedy_swap,53986.0809,41945.7077
29,4,oracle,54066.9004,42516.7054
29,4,random_search,54186.5646,42150.9909
29,4,simulated_annealing,54248.7004,42122.0172
29,4,GA,54268.2102,42059.9754
29,5,random_valid,53897.9102,42022.6283
29,5,perimeter_only,53879.7572,41509.2263
29,5,popularity_rank,53831.7239,41626.5869
29,5,greedy_swap,53994.5219,41945.7077
29,5,oracle,54075.8533,42516.7054
29,5,random_search,54176.3223,42168.7150
29,5,simulated_annealing,54185.9387,42105.2259
29,5,GA,54348.0762,42106.8722
29,6,random_valid,53845.7498,42022.6283
29,6,perimeter_only,53828.8115,41509.2263
29,6,popularity_rank,53780.7837,41626.5869
29,6,greedy_swap,53942.9441,41945.7077
29,6,oracle,54024.3362,42516.7054
29,6,random_search,54114.5811,41946.0501
29,6,simulated_annealing,54256.2920,42024.3866
29,6,GA,54083.0536,41223.0050
29,7,random_valid,53832.4243,42022.6283
29,7,perimeter_only,53814.5158,41509.2263
29,7,popularity_rank,53767.1253,41626.5869
29,7,greedy_swap,53930.4781,41945.7077
29,7,oracle,54010.7427,42516.7054
29,7,random_search,54130.7882,42123.4390
29,7,simulated_annealing,54238.4267,42063.3617
29,7,GA,54215.8095,42047.4480
29,8,random_valid,53816.2101,42022.6283
29,8,perimeter_only,53798.0831,41509.2263
29,8,popularity_rank,53750.8297,41626.5869
29,8,greedy_swap,53916.1520,41945.7077
29,8,oracle,53998.5525,42516.7054
29,8,random_search,54124.1775,42193.0478
29,8,simulated_annealing,54212.8862,42223.9682
29,8,GA,54279.9867,42181.2612
29,9,random_valid,53866.9295,42022.6283
29,9,perimeter_only,53849.3202,41509.2263
29,9,popularity_rank,53801.4256,41626.5869
29,9,greedy_swap,53967.4775,41945.7077
29,9,oracle,54048.0926,42516.7054
29,9,random_search,54126.9016,42129.0793
29,9,simulated_annealing,54250.1632,42129.5510
29,9,GA,54139.6743,41409.8478
