scenario,search,setting,seed,heldout_fitness
0,ga,0.18|20|40,0,68564.467546
0,ga,0.18|20|40,1,68671.312867
0,ga,0.18|20|40,2,68564.470794
0,ga,0.18|30|25,0,68547.141166
0,ga,0.18|30|25,1,68601.885815
0,ga,0.18|30|25,2,68560.254515
0,ga,0.18|45|15,0,68564.968680
0,ga,0.18|45|15,1,68500.690576
0,ga,0.18|45|15,2,68595.933251
0,ga,0.1|20|40,0,68549.829796
0,ga,0.1|20|40,1,68661.284585
0,ga,0.1|20|40,2,68568.565568
0,ga,0.1|30|25,0,68585.665449
0,ga,0.1|30|25,1,68647.432556
0,ga,0.1|30|25,2,68581.074827
0,ga,0.1|45|15,0,68517.378624
0,ga,0.1|45|15,1,68595.168884
0,ga,0.1|45|15,2,68552.024642
0,ga,0.3|20|40,0,68499.428369
0,ga,0.3|20|40,1,68585.666421
0,ga,0.3|20|40,2,68567.623384
0,ga,0.3|30|25,0,68503.956622
0,ga,0.3|30|25,1,68625.438298
0,ga,0.3|30|25,2,68555.274607
0,ga,0.3|45|15,0,68619.947731
0,ga,0.3|45|15,1,68620.235454
0,ga,0.3|45|15,2,68535.739309
0,sa,0.1|0.001|0.8,0,68597.126412
0,sa,0.1|0.001|0.8,1,68538.170034
0,sa,0.1|0.001|0.8,2,68578.107819
0,sa,0.1|0.01|0.8,0,68533.014993
0,sa,0.1|0.01|0.8,1,68580.850474
0,sa,0.1|0.01|0.8,2,68558.118622
0,sa,0.1|0.1|0.8,0,68509.955646
0,sa,0.1|0.1|0.8,1,68431.782891
0,sa,0.1|0.1|0.8,2,68509.225316
0,sa,0.25|0.001|0.8,0,68554.848093
0,sa,0.25|0.001|0.8,1,68581.771467
0,sa,0.25|0.001|0.8,2,68720.449087
0,sa,0.25|0.01|0.5,0,68575.150139
0,sa,0.25|0.01|0.5,1,68659.546271
0,sa,0.25|0.01|0.5,2,68517.241794
0,sa,0.25|0.01|0.8,0,68512.284861
0,sa,0.25|0.01|0.8,1,68551.256131
0,sa,0.25|0.01|0.8,2,68686.606438
0,sa,0.25|0.01|0.95,0,68736.651102
0,sa,0.25|0.01|0.95,1,68462.463169
0,sa,0.25|0.01|0.95,2,68526.248100
0,sa,0.25|0.1|0.8,0,68484.420980
0,sa,0.25|0.1|0.8,1,68507.713565
0,sa,0.25|0.1|0.8,2,68759.530334
0,sa,0.5|0.001|0.8,0,68772.750528
0,sa,0.5|0.001|0.8,1,68811.371648
0,sa,0.5|0.001|0.8,2,68736.422153
0,sa,0.5|0.01|0.8,0,68709.569428
0,sa,0.5|0.01|0.8,1,68696.597677
0,sa,0.5|0.01|0.8,2,68729.921614
0,sa,0.5|0.1|0.8,0,68800.956202
0,sa,0.5|0.1|0.8,1,68773.688489
0,sa,0.5|0.1|0.8,2,68616.759149
1,ga,0.18|20|40,0,44971.024491
1,ga,0.18|20|40,1,44981.388774
1,ga,0.18|20|40,2,44955.336442
1,ga,0.18|30|25,0,44969.060236
1,ga,0.18|30|25,1,44959.307846
1,ga,0.18|30|25,2,44970.525887
1,ga,0.18|45|15,0,44946.870128
1,ga,0.18|45|15,1,44921.159673
1,ga,0.18|45|15,2,44935.728380
1,ga,0.1|20|40,0,44984.517462
1,ga,0.1|20|40,1,44907.912416
1,ga,0.1|20|40,2,44948.474572
1,ga,0.1|30|25,0,44954.994709
1,ga,0.1|30|25,1,44952.527485
1,ga,0.1|30|25,2,44942.706485
1,ga,0.1|45|15,0,44940.007202
1,ga,0.1|45|15,1,44943.597101
1,ga,0.1|45|15,2,44907.711162
1,ga,0.3|20|40,0,44945.403607
1,ga,0.3|20|40,1,44921.989418
1,ga,0.3|20|40,2,44959.729726
1,ga,0.3|30|25,0,44940.401642
1,ga,0.3|30|25,1,44921.331961
1,ga,0.3|30|25,2,44972.926311
1,ga,0.3|45|15,0,45022.131301
1,ga,0.3|45|15,1,44939.254910
1,ga,0.3|45|15,2,44931.750261
1,sa,0.1|0.001|0.8,0,44927.704191
1,sa,0.1|0.001|0.8,1,44928.423445
1,sa,0.1|0.001|0.8,2,44959.528230
1,sa,0.1|0.01|0.8,0,44945.923122
1,sa,0.1|0.01|0.8,1,44936.191677
1,sa,0.1|0.01|0.8,2,44919.897751
1,sa,0.1|0.1|0.8,0,44955.372515
1,sa,0.1|0.1|0.8,1,44874.495005
1,sa,0.1|0.1|0.8,2,44873.630471
1,sa,0.25|0.001|0.8,0,45001.527286
1,sa,0.25|0.001|0.8,1,45072.401180
1,sa,0.25|0.001|0.8,2,44978.242923
1,sa,0.25|0.01|0.5,0,44959.669538
1,sa,0.25|0.01|0.5,1,44987.949304
1,sa,0.25|0.01|0.5,2,44985.447321
1,sa,0.25|0.01|0.8,0,44962.960859
1,sa,0.25|0.01|0.8,1,44905.748796
1,sa,0.25|0.01|0.8,2,44961.047412
1,sa,0.25|0.01|0.95,0,44905.770803
1,sa,0.25|0.01|0.95,1,44976.080604
1,sa,0.25|0.01|0.95,2,44935.291465
1,sa,0.25|0.1|0.8,0,44902.559267
1,sa,0.25|0.1|0.8,1,44970.947151
1,sa,0.25|0.1|0.8,2,44903.551364
1,sa,0.5|0.001|0.8,0,45071.290612
1,sa,0.5|0.001|0.8,1,45096.619309
1,sa,0.5|0.001|0.8,2,45042.459824
1,sa,0.5|0.01|0.8,0,45074.532417
1,sa,0.5|0.01|0.8,1,45054.035779
1,sa,0.5|0.01|0.8,2,45079.485161
1,sa,0.5|0.1|0.8,0,45046.365681
1,sa,0.5|0.1|0.8,1,45008.517018
1,sa,0.5|0.1|0.8,2,45069.638247
2,ga,0.18|20|40,0,49752.489376
2,ga,0.18|20|40,1,49835.128845
2,ga,0.18|20|40,2,49728.378450
2,ga,0.18|30|25,0,49693.219344
2,ga,0.18|30|25,1,49719.966065
2,ga,0.18|30|25,2,49851.945438
2,ga,0.18|45|15,0,49666.441478
2,ga,0.18|45|15,1,49812.372064
2,ga,0.18|45|15,2,49810.621269
2,ga,0.1|20|40,0,49735.046540
2,ga,0.1|20|40,1,49636.723646
2,ga,0.1|20|40,2,49831.644716
2,ga,0.1|30|25,0,49679.717809
2,ga,0.1|30|25,1,49735.024399
2,ga,0.1|30|25,2,49821.882147
2,ga,0.1|45|15,0,49694.102140
2,ga,0.1|45|15,1,49800.519168
2,ga,0.1|45|15,2,49799.493672
2,ga,0.3|20|40,0,49844.835026
2,ga,0.3|20|40,1,49694.058310
2,ga,0.3|20|40,2,49844.273097
2,ga,0.3|30|25,0,49719.650541
2,ga,0.3|30|25,1,49682.429051
2,ga,0.3|30|25,2,49812.427178
2,ga,0.3|45|15,0,49685.971016
2,ga,0.3|45|15,1,49791.817862
2,ga,0.3|45|15,2,49810.996340
2,sa,0.1|0.001|0.8,0,49753.284557
2,sa,0.1|0.001|0.8,1,49682.832097
2,sa,0.1|0.001|0.8,2,49714.225444
2,sa,0.1|0.01|0.8,0,49729.583159
2,sa,0.1|0.01|0.8,1,49755.071921
2,sa,0.1|0.01|0.8,2,49750.060605
2,sa,0.1|0.1|0.8,0,49658.895514
2,sa,0.1|0.1|0.8,1,49720.677836
2,sa,0.1|0.1|0.8,2,49694.622097
2,sa,0.25|0.001|0.8,0,49722.415368
2,sa,0.25|0.001|0.8,1,49853.705655
2,sa,0.25|0.001|0.8,2,49719.359232
2,sa,0.25|0.01|0.5,0,49738.691850
2,sa,0.25|0.01|0.5,1,49716.599900
2,sa,0.25|0.01|0.5,2,49732.491321
2,sa,0.25|0.01|0.8,0,49730.837177
2,sa,0.25|0.01|0.8,1,49728.491590
2,sa,0.25|0.01|0.8,2,49745.446944
2,sa,0.25|0.01|0.95,0,49612.019204
2,sa,0.25|0.01|0.95,1,49699.750671
2,sa,0.25|0.01|0.95,2,49655.520161
2,sa,0.25|0.1|0.8,0,49658.440572
2,sa,0.25|0.1|0.8,1,49722.379671
2,sa,0.25|0.1|0.8,2,49687.186768
2,sa,0.5|0.001|0.8,0,49866.897665
2,sa,0.5|0.001|0.8,1,49826.416072
2,sa,0.5|0.001|0.8,2,49905.116754
2,sa,0.5|0.01|0.8,0,49850.067872
2,sa,0.5|0.01|0.8,1,49857.103928
2,sa,0.5|0.01|0.8,2,49810.894314
2,sa,0.5|0.1|0.8,0,49768.575597
2,sa,0.5|0.1|0.8,1,49795.482351
2,sa,0.5|0.1|0.8,2,49761.299001
3,ga,0.18|20|40,0,74724.326122
3,ga,0.18|20|40,1,74877.190797
3,ga,0.18|20|40,2,74905.940880
3,ga,0.18|30|25,0,74787.558085
3,ga,0.18|30|25,1,74871.100052
3,ga,0.18|30|25,2,74892.715881
3,ga,0.18|45|15,0,74708.943228
3,ga,0.18|45|15,1,74675.528716
3,ga,0.18|45|15,2,74704.411791
3,ga,0.1|20|40,0,74705.370537
3,ga,0.1|20|40,1,74947.958272
3,ga,0.1|20|40,2,74884.984630
3,ga,0.1|30|25,0,74738.619195
3,ga,0.1|30|25,1,74837.189086
3,ga,0.1|30|25,2,74758.744829
3,ga,0.1|45|15,0,74702.187567
3,ga,0.1|45|15,1,74794.441733
3,ga,0.1|45|15,2,74854.934035
3,ga,0.3|20|40,0,74799.122701
3,ga,0.3|20|40,1,74870.217987
3,ga,0.3|20|40,2,74842.312500
3,ga,0.3|30|25,0,74720.609476
3,ga,0.3|30|25,1,74688.396408
3,ga,0.3|30|25,2,74699.844649
3,ga,0.3|45|15,0,74883.253355
3,ga,0.3|45|15,1,74909.075389
3,ga,0.3|45|15,2,74796.558569
3,sa,0.1|0.001|0.8,0,74713.575933
3,sa,0.1|0.001|0.8,1,74734.826940
3,sa,0.1|0.001|0.8,2,74733.809452
3,sa,0.1|0.01|0.8,0,74671.629850
3,sa,0.1|0.01|0.8,1,74688.626023
3,sa,0.1|0.01|0.8,2,74736.802902
3,sa,0.1|0.1|0.8,0,74579.329096
3,sa,0.1|0.1|0.8,1,74724.252315
3,sa,0.1|0.1|0.8,2,74637.929076
3,sa,0.25|0.001|0.8,0,74798.006517
3,sa,0.25|0.001|0.8,1,74584.203729
3,sa,0.25|0.001|0.8,2,74824.139519
3,sa,0.25|0.01|0.5,0,74755.434168
3,sa,0.25|0.01|0.5,1,74813.102851
3,sa,0.25|0.01|0.5,2,74757.229439
3,sa,0.25|0.01|0.8,0,74793.880201
3,sa,0.25|0.01|0.8,1,74819.153823
3,sa,0.25|0.01|0.8,2,74728.494064
3,sa,0.25|0.01|0.95,0,74667.202379
3,sa,0.25|0.01|0.95,1,74802.394392
3,sa,0.25|0.01|0.95,2,74892.422715
3,sa,0.25|0.1|0.8,0,74653.712581
3,sa,0.25|0.1|0.8,1,74738.622054
3,sa,0.25|0.1|0.8,2,74689.438735
3,sa,0.5|0.001|0.8,0,74949.447308
3,sa,0.5|0.001|0.8,1,74925.046786
3,sa,0.5|0.001|0.8,2,74956.510123
3,sa,0.5|0.01|0.8,0,74938.919713
3,sa,0.5|0.01|0.8,1,74944.714894
3,sa,0.5|0.01|0.8,2,74960.161701
3,sa,0.5|0.1|0.8,0,74947.678854
3,sa,0.5|0.1|0.8,1,74910.374176
3,sa,0.5|0.1|0.8,2,74868.486916
4,ga,0.18|20|40,0,69428.635137
4,ga,0.18|20|40,1,69378.333543
4,ga,0.18|20|40,2,69397.425783
4,ga,0.18|30|25,0,69397.239598
4,ga,0.18|30|25,1,69361.001599
4,ga,0.18|30|25,2,69257.153678
4,ga,0.18|45|15,0,69338.825480
4,ga,0.18|45|15,1,69339.876228
4,ga,0.18|45|15,2,69370.121238
4,ga,0.1|20|40,0,69387.241452
4,ga,0.1|20|40,1,69381.595636
4,ga,0.1|20|40,2,69379.157050
4,ga,0.1|30|25,0,69312.271520
4,ga,0.1|30|25,1,69364.524036
4,ga,0.1|30|25,2,69410.887659
4,ga,0.1|45|15,0,69245.700400
4,ga,0.1|45|15,1,69330.114679
4,ga,0.1|45|15,2,69420.281603
4,ga,0.3|20|40,0,69365.565855
4,ga,0.3|20|40,1,69397.063727
4,ga,0.3|20|40,2,69334.745265
4,ga,0.3|30|25,0,69368.822124
4,ga,0.3|30|25,1,69323.881733
4,ga,0.3|30|25,2,69363.982362
4,ga,0.3|45|15,0,69308.876488
4,ga,0.3|45|15,1,69311.814768
4,ga,0.3|45|15,2,69406.907804
4,sa,0.1|0.001|0.8,0,69379.924483
4,sa,0.1|0.001|0.8,1,69344.924944
4,sa,0.1|0.001|0.8,2,69387.500042
4,sa,0.1|0.01|0.8,0,69377.942405
4,sa,0.1|0.01|0.8,1,69351.493363
4,sa,0.1|0.01|0.8,2,69344.082825
4,sa,0.1|0.1|0.8,0,69331.585868
4,sa,0.1|0.1|0.8,1,69304.873264
4,sa,0.1|0.1|0.8,2,69353.664334
4,sa,0.25|0.001|0.8,0,69432.074620
4,sa,0.25|0.001|0.8,1,69411.314977
4,sa,0.25|0.001|0.8,2,69380.627073
4,sa,0.25|0.01|0.5,0,69416.529476
4,sa,0.25|0.01|0.5,1,69400.552752
4,sa,0.25|0.01|0.5,2,69434.748967
4,sa,0.25|0.01|0.8,0,69383.350861
4,sa,0.25|0.01|0.8,1,69369.467687
4,sa,0.25|0.01|0.8,2,69427.252355
4,sa,0.25|0.01|0.95,0,69332.834708
4,sa,0.25|0.01|0.95,1,69289.486572
4,sa,0.25|0.01|0.95,2,69344.732321
4,sa,0.25|0.1|0.8,0,69370.365510
4,sa,0.25|0.1|0.8,1,69321.667854
4,sa,0.25|0.1|0.8,2,69313.659525
4,sa,0.5|0.001|0.8,0,69510.248709
4,sa,0.5|0.001|0.8,1,69554.555623
4,sa,0.5|0.001|0.8,2,69452.865794
4,sa,0.5|0.01|0.8,0,69507.711410
4,sa,0.5|0.01|0.8,1,69442.386113
4,sa,0.5|0.01|0.8,2,69510.864383
4,sa,0.5|0.1|0.8,0,69502.002576
4,sa,0.5|0.1|0.8,1,69441.585882
4,sa,0.5|0.1|0.8,2,69474.722586
5,ga,0.18|20|40,0,39202.269624
5,ga,0.18|20|40,1,39200.489416
5,ga,0.18|20|40,2,39215.530794
5,ga,0.18|30|25,0,39201.729550
5,ga,0.18|30|25,1,39202.800981
5,ga,0.18|30|25,2,39174.303647
5,ga,0.18|45|15,0,39180.583846
5,ga,0.18|45|15,1,39158.646939
5,ga,0.18|45|15,2,39158.246984
5,ga,0.1|20|40,0,39204.767642
5,ga,0.1|20|40,1,39214.314567
5,ga,0.1|20|40,2,39191.814492
5,ga,0.1|30|25,0,39169.002573
5,ga,0.1|30|25,1,39175.621502
5,ga,0.1|30|25,2,39213.037172
5,ga,0.1|45|15,0,39174.834119
5,ga,0.1|45|15,1,39175.669857
5,ga,0.1|45|15,2,39202.123663
5,ga,0.3|20|40,0,39190.261673
5,ga,0.3|20|40,1,39194.095969
5,ga,0.3|20|40,2,39192.551299
5,ga,0.3|30|25,0,39169.808054
5,ga,0.3|30|25,1,39185.075734
5,ga,0.3|30|25,2,39203.470629
5,ga,0.3|45|15,0,39148.725353
5,ga,0.3|45|15,1,39164.029129
5,ga,0.3|45|15,2,39176.057102
5,sa,0.1|0.001|0.8,0,39184.800541
5,sa,0.1|0.001|0.8,1,39206.110150
5,sa,0.1|0.001|0.8,2,39200.315480
5,sa,0.1|0.01|0.8,0,39182.771638
5,sa,0.1|0.01|0.8,1,39194.956534
5,sa,0.1|0.01|0.8,2,39187.633849
5,sa,0.1|0.1|0.8,0,39176.464630
5,sa,0.1|0.1|0.8,1,39191.386359
5,sa,0.1|0.1|0.8,2,39151.086379
5,sa,0.25|0.001|0.8,0,39210.230800
5,sa,0.25|0.001|0.8,1,39211.703985
5,sa,0.25|0.001|0.8,2,39208.919279
5,sa,0.25|0.01|0.5,0,39217.260417
5,sa,0.25|0.01|0.5,1,39217.479208
5,sa,0.25|0.01|0.5,2,39212.879293
5,sa,0.25|0.01|0.8,0,39204.260243
5,sa,0.25|0.01|0.8,1,39200.219179
5,sa,0.25|0.01|0.8,2,39200.046194
5,sa,0.25|0.01|0.95,0,39208.818826
5,sa,0.25|0.01|0.95,1,39195.741276
5,sa,0.25|0.01|0.95,2,39138.362254
5,sa,0.25|0.1|0.8,0,39173.738169
5,sa,0.25|0.1|0.8,1,39191.237401
5,sa,0.25|0.1|0.8,2,39180.369986
5,sa,0.5|0.001|0.8,0,39207.337084
5,sa,0.5|0.001|0.8,1,39212.911709
5,sa,0.5|0.001|0.8,2,39224.513547
5,sa,0.5|0.01|0.8,0,39207.049397
5,sa,0.5|0.01|0.8,1,39199.225246
5,sa,0.5|0.01|0.8,2,39220.173584
5,sa,0.5|0.1|0.8,0,39169.490266
5,sa,0.5|0.1|0.8,1,39186.214969
5,sa,0.5|0.1|0.8,2,39200.365893
6,ga,0.18|20|40,0,49232.288969
6,ga,0.18|20|40,1,49439.409493
6,ga,0.18|20|40,2,49460.880963
6,ga,0.18|30|25,0,49452.767264
6,ga,0.18|30|25,1,49470.444768
6,ga,0.18|30|25,2,49450.711246
6,ga,0.18|45|15,0,49414.716900
6,ga,0.18|45|15,1,49421.604712
6,ga,0.18|45|15,2,49424.734196
6,ga,0.1|20|40,0,49456.926276
6,ga,0.1|20|40,1,49433.316410
6,ga,0.1|20|40,2,49435.130118
6,ga,0.1|30|25,0,49456.793661
6,ga,0.1|30|25,1,49425.556315
6,ga,0.1|30|25,2,49434.481880
6,ga,0.1|45|15,0,49413.003278
6,ga,0.1|45|15,1,49390.166844
6,ga,0.1|45|15,2,49371.908919
6,ga,0.3|20|40,0,49193.645833
6,ga,0.3|20|40,1,49453.224353
6,ga,0.3|20|40,2,49436.492026
6,ga,0.3|30|25,0,49473.829134
6,ga,0.3|30|25,1,49439.025758
6,ga,0.3|30|25,2,49410.550899
6,ga,0.3|45|15,0,49430.857757
6,ga,0.3|45|15,1,49417.435856
6,ga,0.3|45|15,2,49382.815701
6,sa,0.1|0.001|0.8,0,49227.079690
6,sa,0.1|0.001|0.8,1,49246.731108
6,sa,0.1|0.001|0.8,2,49213.373980
6,sa,0.1|0.01|0.8,0,49218.812408
6,sa,0.1|0.01|0.8,1,49245.970021
6,sa,0.1|0.01|0.8,2,49204.579423
6,sa,0.1|0.1|0.8,0,49192.814704
6,sa,0.1|0.1|0.8,1,49232.114167
6,sa,0.1|0.1|0.8,2,49161.060682
6,sa,0.25|0.001|0.8,0,49219.529464
6,sa,0.25|0.001|0.8,1,49231.727004
6,sa,0.25|0.001|0.8,2,49235.411348
6,sa,0.25|0.01|0.5,0,49228.171019
6,sa,0.25|0.01|0.5,1,49236.674858
6,sa,0.25|0.01|0.5,2,49220.009906
6,sa,0.25|0.01|0.8,0,49217.857946
6,sa,0.25|0.01|0.8,1,49269.977521
6,sa,0.25|0.01|0.8,2,49237.988729
6,sa,0.25|0.01|0.95,0,49220.136895
6,sa,0.25|0.01|0.95,1,49189.775117
6,sa,0.25|0.01|0.95,2,49200.028213
6,sa,0.25|0.1|0.8,0,49196.483658
6,sa,0.25|0.1|0.8,1,49228.451419
6,sa,0.25|0.1|0.8,2,49406.702304
6,sa,0.5|0.001|0.8,0,49457.764164
6,sa,0.5|0.001|0.8,1,49450.049336
6,sa,0.5|0.001|0.8,2,49445.291200
6,sa,0.5|0.01|0.8,0,49449.886106
6,sa,0.5|0.01|0.8,1,49460.730924
6,sa,0.5|0.01|0.8,2,49427.396861
6,sa,0.5|0.1|0.8,0,49443.795900
6,sa,0.5|0.1|0.8,1,49449.827576
6,sa,0.5|0.1|0.8,2,49449.596365
7,ga,0.18|20|40,0,41699.804704
7,ga,0.18|20|40,1,41683.195091
7,ga,0.18|20|40,2,41708.530089
7,ga,0.18|30|25,0,41692.311569
7,ga,0.18|30|25,1,41678.880345
7,ga,0.18|30|25,2,41688.281945
7,ga,0.18|45|15,0,41651.046202
7,ga,0.18|45|15,1,41673.108316
7,ga,0.18|45|15,2,41676.175119
7,ga,0.1|20|40,0,41695.186656
7,ga,0.1|20|40,1,41688.517667
7,ga,0.1|20|40,2,41691.221961
7,ga,0.1|30|25,0,41691.266403
7,ga,0.1|30|25,1,41695.242947
7,ga,0.1|30|25,2,41683.234391
7,ga,0.1|45|15,0,41666.356430
7,ga,0.1|45|15,1,41644.204900
7,ga,0.1|45|15,2,41681.202275
7,ga,0.3|20|40,0,41710.353970
7,ga,0.3|20|40,1,41685.873494
7,ga,0.3|20|40,2,41702.233135
7,ga,0.3|30|25,0,41682.438130
7,ga,0.3|30|25,1,41685.757764
7,ga,0.3|30|25,2,41661.569525
7,ga,0.3|45|15,0,41660.906105
7,ga,0.3|45|15,1,41657.778421
7,ga,0.3|45|15,2,41672.082775
7,sa,0.1|0.001|0.8,0,41703.878164
7,sa,0.1|0.001|0.8,1,41696.449531
7,sa,0.1|0.001|0.8,2,41717.568156
7,sa,0.1|0.01|0.8,0,41705.687545
7,sa,0.1|0.01|0.8,1,41687.558029
7,sa,0.1|0.01|0.8,2,41675.881659
7,sa,0.1|0.1|0.8,0,41703.738776
7,sa,0.1|0.1|0.8,1,41685.802106
7,sa,0.1|0.1|0.8,2,41664.868145
7,sa,0.25|0.001|0.8,0,41713.318355
7,sa,0.25|0.001|0.8,1,41696.863043
7,sa,0.25|0.001|0.8,2,41706.137529
7,sa,0.25|0.01|0.5,0,41714.477957
7,sa,0.25|0.01|0.5,1,41696.006623
7,sa,0.25|0.01|0.5,2,41716.990566
7,sa,0.25|0.01|0.8,0,41705.059675
7,sa,0.25|0.01|0.8,1,41705.018443
7,sa,0.25|0.01|0.8,2,41681.508893
7,sa,0.25|0.01|0.95,0,41673.125067
7,sa,0.25|0.01|0.95,1,41678.184720
7,sa,0.25|0.01|0.95,2,41670.004132
7,sa,0.25|0.1|0.8,0,41692.661868
7,sa,0.25|0.1|0.8,1,41659.192620
7,sa,0.25|0.1|0.8,2,41659.656208
7,sa,0.5|0.001|0.8,0,41711.141001
7,sa,0.5|0.001|0.8,1,41704.660593
7,sa,0.5|0.001|0.8,2,41689.283178
7,sa,0.5|0.01|0.8,0,41697.924345
7,sa,0.5|0.01|0.8,1,41711.552521
7,sa,0.5|0.01|0.8,2,41698.485054
7,sa,0.5|0.1|0.8,0,41686.897224
7,sa,0.5|0.1|0.8,1,41658.352864
7,sa,0.5|0.1|0.8,2,41637.268825
8,ga,0.18|20|40,0,83022.081190
8,ga,0.18|20|40,1,83047.857333
8,ga,0.18|20|40,2,82951.893924
8,ga,0.18|30|25,0,82987.969786
8,ga,0.18|30|25,1,83028.569170
8,ga,0.18|30|25,2,82985.592048
8,ga,0.18|45|15,0,82990.544120
8,ga,0.18|45|15,1,82962.617182
8,ga,0.18|45|15,2,82979.734535
8,ga,0.1|20|40,0,83023.082303
8,ga,0.1|20|40,1,83002.070435
8,ga,0.1|20|40,2,82984.124612
8,ga,0.1|30|25,0,83024.406885
8,ga,0.1|30|25,1,82989.548274
8,ga,0.1|30|25,2,82947.331982
8,ga,0.1|45|15,0,82959.429158
8,ga,0.1|45|15,1,83013.583619
8,ga,0.1|45|15,2,82952.778714
8,ga,0.3|20|40,0,82977.982363
8,ga,0.3|20|40,1,83001.932331
8,ga,0.3|20|40,2,82992.929980
8,ga,0.3|30|25,0,83000.215803
8,ga,0.3|30|25,1,82988.598682
8,ga,0.3|30|25,2,82954.776526
8,ga,0.3|45|15,0,82958.206077
8,ga,0.3|45|15,1,82977.096112
8,ga,0.3|45|15,2,82932.790356
8,sa,0.1|0.001|0.8,0,82917.728817
8,sa,0.1|0.001|0.8,1,82983.662310
8,sa,0.1|0.001|0.8,2,82986.831607
8,sa,0.1|0.01|0.8,0,83016.166006
8,sa,0.1|0.01|0.8,1,83015.380516
8,sa,0.1|0.01|0.8,2,82956.617983
8,sa,0.1|0.1|0.8,0,82971.969334
8,sa,0.1|0.1|0.8,1,82968.851474
8,sa,0.1|0.1|0.8,2,82876.388044
8,sa,0.25|0.001|0.8,0,82949.317152
8,sa,0.25|0.001|0.8,1,82975.965943
8,sa,0.25|0.001|0.8,2,83036.281761
8,sa,0.25|0.01|0.5,0,83006.299969
8,sa,0.25|0.01|0.5,1,82958.643173
8,sa,0.25|0.01|0.5,2,83041.040766
8,sa,0.25|0.01|0.8,0,83014.126670
8,sa,0.25|0.01|0.8,1,82992.783940
8,sa,0.25|0.01|0.8,2,83034.389101
8,sa,0.25|0.01|0.95,0,83011.025018
8,sa,0.25|0.01|0.95,1,82942.167316
8,sa,0.25|0.01|0.95,2,82990.519828
8,sa,0.25|0.1|0.8,0,82960.191073
8,sa,0.25|0.1|0.8,1,82971.326311
8,sa,0.25|0.1|0.8,2,82904.615592
8,sa,0.5|0.001|0.8,0,83061.043926
8,sa,0.5|0.001|0.8,1,82975.203324
8,sa,0.5|0.001|0.8,2,82993.327173
8,sa,0.5|0.01|0.8,0,83057.329719
8,sa,0.5|0.01|0.8,1,82990.536245
8,sa,0.5|0.01|0.8,2,83029.259463
8,sa,0.5|0.1|0.8,0,82902.364982
8,sa,0.5|0.1|0.8,1,82841.205521
8,sa,0.5|0.1|0.8,2,82948.532179
9,ga,0.18|20|40,0,69764.648318
9,ga,0.18|20|40,1,69750.195490
9,ga,0.18|20|40,2,69772.915264
9,ga,0.18|30|25,0,69760.443751
9,ga,0.18|30|25,1,69728.866050
9,ga,0.18|30|25,2,69804.688024
9,ga,0.18|45|15,0,69786.010002
9,ga,0.18|45|15,1,69721.703129
9,ga,0.18|45|15,2,69759.267001
9,ga,0.1|20|40,0,69723.606920
9,ga,0.1|20|40,1,69774.457217
9,ga,0.1|20|40,2,69802.493909
9,ga,0.1|30|25,0,69736.316526
9,ga,0.1|30|25,1,69802.464323
9,ga,0.1|30|25,2,69820.772720
9,ga,0.1|45|15,0,69768.878592
9,ga,0.1|45|15,1,69725.751309
9,ga,0.1|45|15,2,69753.288001
9,ga,0.3|20|40,0,69741.266906
9,ga,0.3|20|40,1,69751.116257
9,ga,0.3|20|40,2,69793.547200
9,ga,0.3|30|25,0,69793.980543
9,ga,0.3|30|25,1,69788.865694
9,ga,0.3|30|25,2,69773.082044
9,ga,0.3|45|15,0,69778.013513
9,ga,0.3|45|15,1,69767.756476
9,ga,0.3|45|15,2,69751.396844
9,sa,0.1|0.001|0.8,0,69783.047611
9,sa,0.1|0.001|0.8,1,69810.794515
9,sa,0.1|0.001|0.8,2,69654.739435
9,sa,0.1|0.01|0.8,0,69808.129442
9,sa,0.1|0.01|0.8,1,69763.790112
9,sa,0.1|0.01|0.8,2,69700.399268
9,sa,0.1|0.1|0.8,0,69798.139518
9,sa,0.1|0.1|0.8,1,69789.608774
9,sa,0.1|0.1|0.8,2,69693.818574
9,sa,0.25|0.001|0.8,0,69694.816807
9,sa,0.25|0.001|0.8,1,69782.883795
9,sa,0.25|0.001|0.8,2,69745.160783
9,sa,0.25|0.01|0.5,0,69811.826542
9,sa,0.25|0.01|0.5,1,69740.591609
9,sa,0.25|0.01|0.5,2,69807.013140
9,sa,0.25|0.01|0.8,0,69699.680957
9,sa,0.25|0.01|0.8,1,69764.488764
9,sa,0.25|0.01|0.8,2,69760.090084
9,sa,0.25|0.01|0.95,0,69764.003537
9,sa,0.25|0.01|0.95,1,69809.155350
9,sa,0.25|0.01|0.95,2,69763.561200
9,sa,0.25|0.1|0.8,0,69714.408900
9,sa,0.25|0.1|0.8,1,69818.516254
9,sa,0.25|0.1|0.8,2,69741.836856
9,sa,0.5|0.001|0.8,0,69787.275266
9,sa,0.5|0.001|0.8,1,69786.504211
9,sa,0.5|0.001|0.8,2,69766.661815
9,sa,0.5|0.01|0.8,0,69807.707546
9,sa,0.5|0.01|0.8,1,69820.204281
9,sa,0.5|0.01|0.8,2,69770.898920
9,sa,0.5|0.1|0.8,0,69727.583679
9,sa,0.5|0.1|0.8,1,69814.499672
9,sa,0.5|0.1|0.8,2,69657.679370
