replicate,n_invoices,n_absent_fixtures,anchor_score,stocked_invoice_share,whole_level_asbuilt,whole_level_ga,whole_level_rs,whole_level_sa,whole_lift,whole_pct_lift,stocked_level_asbuilt,stocked_level_ga,stocked_level_rs,stocked_level_sa,stocked_lift,stocked_pct_lift,whole_ga_minus_rs_gbp,whole_ga_minus_rs_pct,whole_ga_minus_sa_gbp,whole_ga_minus_sa_pct,stocked_ga_minus_rs_gbp,stocked_ga_minus_rs_pct,stocked_ga_minus_sa_gbp,stocked_ga_minus_sa_pct
0,40590,0,0.4389096186,0.802685,784652.538096,799039.019910,796512.429550,795669.563242,14386.481814,1.833484,17613.339256,17936.277082,17879.561924,17860.641842,322.937826,1.833484,2526.590360,0.317207,3369.456668,0.423474,56.715159,0.317207,75.635240,0.423474
1,39397,0,0.4258261511,0.794071,832803.332502,840661.047878,842201.389962,837624.405136,7857.715376,0.943526,17125.705660,17287.291133,17318.966613,17224.845838,161.585473,0.943526,-1540.342085,-0.182895,3036.642742,0.362530,-31.675480,-0.182895,62.445295,0.362530
2,38505,0,0.4403296847,0.800545,727683.721167,740942.528442,738694.516448,736922.220233,13258.807274,1.822056,17091.361325,17402.775555,17349.975713,17308.349174,311.414230,1.822056,2248.011994,0.304322,4020.308209,0.545554,52.799842,0.304322,94.426381,0.545554
3,39811,0,0.4387801579,0.786767,754906.623831,768900.517052,766589.853651,765432.872767,13993.893221,1.853725,16717.727585,17027.628289,16976.457668,16950.835835,309.900705,1.853725,2310.663402,0.301421,3467.644286,0.453030,51.170622,0.301421,76.792454,0.453030
4,39216,0,0.4221742933,0.795441,813791.055475,825607.953048,824398.248021,823195.062419,11816.897574,1.452080,16960.738833,17207.022338,17181.810103,17156.733744,246.283505,1.452080,1209.705027,0.146738,2412.890629,0.293113,25.212235,0.146738,50.288594,0.293113
5,37967,0,0.4202774807,0.790845,724254.886600,734926.542393,734146.311799,732076.068289,10671.655793,1.473467,16461.896075,16704.456660,16686.722468,16639.667026,242.560584,1.473467,780.230594,0.106277,2850.474104,0.389369,17.734192,0.106277,64.789633,0.389369
6,38324,0,0.4398566277,0.797777,761498.949675,775284.491267,772724.926412,771485.040092,13785.541592,1.810317,16719.448349,17022.123292,16965.925562,16938.702654,302.674942,1.810317,2559.564854,0.331239,3799.451175,0.492485,56.197730,0.331239,83.420637,0.492485
7,39340,0,0.4367446751,0.791713,807349.552966,822310.774386,819739.336502,818385.670604,14961.221420,1.853128,17121.408183,17438.689809,17384.157497,17355.450394,317.281626,1.853128,2571.437884,0.313690,3925.103782,0.479615,54.532312,0.313690,83.239414,0.479615
8,38831,0,0.4376928945,0.798821,789141.485490,803163.217189,800648.258042,799980.236161,14021.731698,1.776834,16823.955777,17122.889490,17069.272284,17055.030515,298.933713,1.776834,2514.959147,0.314115,3182.981028,0.397882,53.617206,0.314115,67.858975,0.397882
9,39284,0,0.4369387190,0.798849,818482.107653,833935.185194,831509.803731,829551.413657,15453.077541,1.888017,17196.516660,17521.189738,17470.231859,17429.085587,324.673078,1.888017,2425.381463,0.291684,4383.771537,0.528451,50.957880,0.291684,92.104152,0.528451
10,40043,0,0.4247812111,0.805010,752883.400038,763482.576899,762789.076664,760923.757360,10599.176861,1.407811,17697.097922,17946.239650,17929.938398,17886.092647,249.141727,1.407811,693.500235,0.090916,2558.819539,0.336278,16.301251,0.090916,60.147003,0.336278
11,38338,0,0.4382932700,0.790208,843799.303305,859482.570000,856487.090935,855136.916497,15683.266696,1.858649,16507.883794,16814.707399,16756.104578,16729.690094,306.823605,1.858649,2995.479065,0.349740,4345.653503,0.508182,58.602822,0.349740,85.017305,0.508182
12,39276,0,0.4363084924,0.792774,797481.078573,813048.133747,810321.055579,808917.733833,15567.055174,1.952028,16866.519304,17195.758509,17138.081509,17108.401616,329.239205,1.952028,2727.078169,0.336543,4130.399914,0.510608,57.677001,0.336543,87.356894,0.510608
13,39336,0,0.4239693200,0.802293,742115.185026,753063.932945,751288.107230,750507.300311,10948.747919,1.475343,17532.937452,17791.608500,17749.653501,17731.206448,258.671048,1.475343,1775.825714,0.236371,2556.632634,0.340654,41.954998,0.236371,60.402052,0.340654
14,39336,0,0.4231195451,0.796243,772596.941505,784044.714417,782340.781175,781027.363162,11447.772911,1.481726,16932.661903,17183.557627,17146.213283,17117.427687,250.895723,1.481726,1703.933241,0.217799,3017.351254,0.386331,37.344343,0.217799,66.129939,0.386331
15,39894,0,0.4392602195,0.801524,741978.217314,755007.359863,753167.007238,751534.440103,13029.142548,1.756001,17499.642791,17806.936638,17763.531707,17725.027420,307.293847,1.756001,1840.352625,0.244349,3472.919759,0.462111,43.404931,0.244349,81.909218,0.462111
16,40446,0,0.4373661275,0.792662,855467.160158,871596.770493,869699.198848,867024.050910,16129.610335,1.885474,17371.777031,17699.317359,17660.783803,17606.460182,327.540328,1.885474,1897.571645,0.218187,4572.719583,0.527404,38.533556,0.218187,92.857176,0.527404
17,41320,0,0.4392902254,0.786229,813709.300604,828340.201931,826235.241410,824344.933383,14630.901326,1.798050,17544.142985,17859.595474,17814.211050,17773.454684,315.452490,1.798050,2104.960521,0.254765,3995.268547,0.484660,45.384425,0.254765,86.140791,0.484660
18,39903,0,0.4371992925,0.802822,739832.219700,753734.948563,751599.701670,749141.390355,13902.728863,1.879173,17506.689742,17835.670766,17785.144303,17726.973150,328.981023,1.879173,2135.246893,0.284094,4593.558208,0.613176,50.526462,0.284094,108.697616,0.613176
19,38188,0,0.4394620113,0.799204,737774.017776,751052.173927,749058.520999,747156.962612,13278.156151,1.799759,16770.063345,17071.884112,17026.567138,16983.343531,301.820767,1.799759,1993.652928,0.266154,3895.211314,0.521338,45.316974,0.266154,88.540581,0.521338
20,39062,0,0.4396281402,0.791434,778091.826264,792422.157617,789866.658783,788043.050461,14330.331353,1.841728,16736.023813,17044.255771,16989.289393,16950.065292,308.231958,1.841728,2555.498834,0.323535,4379.107157,0.555694,54.966378,0.323535,94.190479,0.555694
21,38086,0,0.4249252144,0.793730,800114.140092,811588.307237,810565.578802,808566.164759,11474.167145,1.434066,16779.215088,17019.840155,16998.392490,16956.462724,240.625067,1.434066,1022.728435,0.126175,3022.142478,0.373766,21.447665,0.126175,63.377431,0.373766
22,41829,0,0.4364275106,0.786320,875913.309948,890939.855152,891213.148233,888544.851918,15026.545205,1.715529,17316.537983,17613.608182,17619.011102,17566.259701,297.070198,1.715529,-273.293081,-0.030665,2395.003235,0.269542,-5.402921,-0.030665,47.348481,0.269542
23,38703,0,0.4377502980,0.791205,808515.441620,823565.798505,821198.583299,819637.185435,15050.356885,1.861480,16533.474324,16841.241716,16792.834116,16760.904817,307.767392,1.861480,2367.215206,0.288263,3928.613070,0.479311,48.407600,0.288263,80.336899,0.479311
24,40172,0,0.4389306354,0.785771,789676.578407,804225.159866,801367.245143,800434.316186,14548.581459,1.842347,16764.053167,17072.905171,17012.234466,16992.429307,308.852003,1.842347,2857.914723,0.356630,3790.843680,0.473598,60.670705,0.356630,80.475864,0.473598
25,37877,0,0.4257669887,0.796763,777637.297230,788433.045341,787242.854483,785769.064463,10795.748111,1.388276,16441.809332,16670.066944,16644.902395,16613.741629,228.257611,1.388276,1190.190858,0.151185,2663.980878,0.339028,25.164548,0.151185,56.325315,0.339028
26,40510,0,0.4254821199,0.790941,773054.267790,784040.772934,782294.338284,781648.095027,10986.505144,1.421182,17312.700533,17558.745450,17519.633707,17505.160964,246.044917,1.421182,1746.434650,0.223245,2392.677908,0.306107,39.111743,0.223245,53.584487,0.306107
27,40194,0,0.4248611945,0.795094,783294.212066,794403.026355,792954.770402,791541.861037,11108.814289,1.418217,17596.192892,17845.745150,17813.211026,17781.470939,249.552258,1.418217,1448.255953,0.182640,2861.165317,0.361467,32.534124,0.182640,64.274210,0.361467
28,38346,0,0.4368086547,0.794607,749403.212256,763013.804775,761059.164306,759459.189778,13610.592519,1.816191,16725.834290,17029.607360,16985.981990,16950.272364,303.773071,1.816191,1954.640469,0.256832,3554.614997,0.468046,43.625370,0.256832,79.334997,0.468046
29,38688,0,0.4398496722,0.788617,730405.079931,743137.023336,740665.839675,739765.243727,12731.943405,1.743135,16183.461990,16465.561510,16410.807911,16390.853559,282.099520,1.743135,2471.183661,0.333644,3371.779609,0.455790,54.753599,0.333644,74.707951,0.455790
30,37586,0,0.4259708449,0.795615,715005.567383,725049.156381,723955.409578,722489.389685,10043.588998,1.404687,16406.959815,16637.426218,16612.328427,16578.688228,230.466403,1.404687,1093.746803,0.151079,2559.766696,0.354298,25.097790,0.151079,58.737989,0.354298
31,38539,0,0.4283642176,0.785672,744442.970869,759482.655359,759115.138426,756439.644676,15039.684490,2.020260,16784.318115,17123.405001,17115.118912,17054.796846,339.086886,2.020260,367.516933,0.048414,3043.010683,0.402281,8.286090,0.048414,68.608156,0.402281
32,38624,0,0.4242224705,0.798131,733484.496449,744299.606747,743380.592719,741453.555894,10815.110298,1.474484,16871.998496,17120.773386,17099.633739,17055.307018,248.774890,1.474484,919.014028,0.123626,2846.050853,0.383847,21.139647,0.123626,65.466368,0.383847
33,40904,0,0.4395274471,0.799164,825085.826105,839915.079824,837182.232176,835693.658247,14829.253719,1.797298,17691.972721,18009.950250,17951.350932,17919.432060,317.977529,1.797298,2732.847648,0.326434,4221.421576,0.505140,58.599317,0.326434,90.518190,0.505140
34,39030,0,0.4257078726,0.792775,727899.424750,740670.082726,744646.283394,735544.401806,12770.657976,1.754454,16742.090436,17035.822652,17127.277472,16917.929148,293.732216,1.754454,-3976.200668,-0.533972,5125.680920,0.696855,-91.454820,-0.533972,117.893504,0.696855
35,40893,0,0.4410583936,0.790037,823557.516500,837975.208835,835818.504991,833753.217178,14417.692335,1.750660,17368.389930,17672.451392,17626.967655,17583.411834,304.061462,1.750660,2156.703845,0.258035,4221.991658,0.506384,45.483737,0.258035,89.039558,0.506384
36,40345,0,0.4378034511,0.790780,816632.891556,831817.222205,829982.437293,827900.373203,15184.330648,1.859383,17078.031043,17395.576996,17357.206617,17313.664953,317.545953,1.859383,1834.784911,0.221063,3916.849002,0.473106,38.370379,0.221063,81.912043,0.473106
37,39484,0,0.4245013561,0.793233,758337.063451,768914.796629,768610.317452,766418.030344,10577.733178,1.394859,17133.115269,17372.098079,17365.218978,17315.688618,238.982809,1.394859,304.479177,0.039614,2496.766285,0.325771,6.879100,0.039614,56.409460,0.325771
38,38455,0,0.4256076650,0.792121,726707.490379,736932.342005,735896.563921,734290.796318,10224.851627,1.407011,16526.542480,16759.072689,16735.517365,16698.999527,232.530209,1.407011,1035.778084,0.140750,2641.545687,0.359741,23.555324,0.140750,60.073162,0.359741
39,38064,0,0.4254075697,0.793322,729503.235930,739832.327633,738497.813361,737153.778486,10329.091703,1.415908,16552.464825,16786.832431,16756.552236,16726.056017,234.367606,1.415908,1334.514272,0.180707,2678.549147,0.363364,30.280195,0.180707,60.776414,0.363364
40,41289,0,0.4401383301,0.798590,831096.831018,846067.362141,842858.343241,841861.398270,14970.531122,1.801298,17543.119718,17859.123594,17791.386357,17770.342450,316.003876,1.801298,3209.018900,0.380731,4205.963871,0.499603,67.737237,0.380731,88.781144,0.499603
41,39782,0,0.4396233903,0.799784,760385.635463,774087.225343,771928.057345,770471.644050,13701.589880,1.801926,17565.421926,17881.937909,17832.059670,17798.415539,316.515984,1.801926,2159.167997,0.279711,3615.581293,0.469269,49.878240,0.279711,83.522371,0.469269
42,39053,0,0.4359366457,0.789645,817145.010973,833154.331438,830650.302125,828660.946212,16009.320465,1.959177,16659.552190,16985.942374,16934.891451,16894.333437,326.390183,1.959177,2504.029313,0.301454,4493.385226,0.542247,51.050923,0.301454,91.608937,0.542247
43,38182,0,0.4238062911,0.795741,696947.426977,706923.378473,705889.058187,704731.534846,9975.951496,1.431378,16439.679745,16674.993689,16650.596017,16623.292217,235.313944,1.431378,1034.320287,0.146527,2191.843627,0.311018,24.397671,0.146527,51.701471,0.311018
44,39209,0,0.4391982866,0.799204,729413.524337,742541.062834,739613.798949,739356.884673,13127.538497,1.799739,16905.240945,17209.491132,17141.647447,17135.693078,304.250187,1.799739,2927.263885,0.395783,3184.178161,0.430669,67.843685,0.395783,73.798054,0.430669
45,40070,0,0.4307969631,0.798727,745577.340661,758583.647608,760353.708709,752360.021936,13006.306947,1.744461,17514.028796,17819.554221,17861.133947,17673.357773,305.525426,1.744461,-1770.061101,-0.232794,6223.625672,0.827214,-41.579725,-0.232794,146.196448,0.827214
46,39836,0,0.4398293835,0.796089,797035.320278,810613.486844,808439.241575,806983.198409,13578.166566,1.703584,17365.631385,17661.469511,17614.097530,17582.373580,295.838126,1.703584,2174.245269,0.268944,3630.288435,0.449859,47.371981,0.268944,79.095931,0.449859
47,36849,0,0.4385880779,0.804201,725107.678323,738452.799136,735229.160002,734662.909043,13345.120813,1.840433,16409.255915,16711.257272,16638.306010,16625.491697,302.001357,1.840433,3223.639134,0.438454,3789.890094,0.515868,72.951261,0.438454,85.765574,0.515868
48,40031,0,0.4370381947,0.794784,756622.877793,770410.734699,768322.121492,767035.052946,13787.856906,1.822289,17053.215019,17363.973913,17316.899510,17287.890796,310.758894,1.822289,2088.613207,0.271841,3375.681753,0.440095,47.074403,0.271841,76.083117,0.440095
49,40096,0,0.4378414568,0.795591,835605.676065,851108.682240,847595.308397,846761.212925,15503.006175,1.855302,17442.096557,17765.700068,17692.363316,17674.952743,323.603511,1.855302,3513.373844,0.414511,4347.469316,0.513423,73.336752,0.414511,90.747325,0.513423
50,40303,0,0.4407300979,0.791901,840910.562273,855318.701432,852358.968020,851518.697539,14408.139159,1.713397,17044.544268,17336.585035,17276.593748,17259.562177,292.040767,1.713397,2959.733412,0.347240,3800.003893,0.446262,59.991287,0.347240,77.022858,0.446262
51,40167,0,0.4415586569,0.801653,747246.696528,760296.223013,757952.190941,756570.247770,13049.526486,1.746348,17743.407781,18053.269398,17997.610247,17964.795942,309.861617,1.746348,2344.032072,0.309259,3725.975243,0.492482,55.659151,0.309259,88.473457,0.492482
52,39805,0,0.4371784589,0.788645,772664.090841,786924.280530,784703.411329,783406.350102,14260.189689,1.845587,16912.921087,17225.063797,17176.450970,17148.059468,312.142710,1.845587,2220.869201,0.283020,3517.930428,0.449056,48.612827,0.283020,77.004329,0.449056
53,36924,0,0.4355446290,0.800211,678690.581386,690623.998256,691245.525623,688364.069265,11933.416871,1.758300,16102.848517,16385.984912,16400.731486,16332.365051,283.136394,1.758300,-621.527366,-0.089914,2259.928991,0.328304,-14.746574,-0.089914,53.619860,0.328304
54,38991,0,0.4234268424,0.792029,756906.638266,767763.025679,766405.573952,765625.339071,10856.387413,1.434310,16622.604533,16861.024208,16831.212892,16814.077971,238.419675,1.434310,1357.451727,0.177119,2137.686608,0.279208,29.811316,0.177119,46.946238,0.279208
55,39203,0,0.4379046513,0.795934,769567.688826,783430.791193,781687.933207,779572.749695,13863.102367,1.801414,17095.168134,17403.122936,17364.407108,17317.420445,307.954803,1.801414,1742.857986,0.222961,3858.041499,0.494892,38.715828,0.222961,85.702491,0.494892
56,40030,0,0.4370829657,0.795129,827759.705389,843167.154953,840414.507642,839327.798894,15407.449563,1.861343,17298.073630,17620.050159,17562.526828,17539.817377,321.976529,1.861343,2752.647310,0.327534,3839.356059,0.457432,57.523331,0.327534,80.232782,0.457432
57,38815,0,0.4401651075,0.794564,772363.260205,785686.748728,782638.003720,782644.004074,13323.488524,1.725029,16713.464781,17001.776859,16935.803896,16935.933740,288.312078,1.725029,3048.745008,0.389547,3042.744654,0.388778,65.972962,0.389547,65.843118,0.388778
58,39048,0,0.4291465595,0.798760,758246.732173,771951.489365,774228.328489,765409.677282,13704.757192,1.807427,16753.582225,17056.391017,17106.698140,16911.848638,302.808791,1.807427,-2276.839123,-0.294079,6541.812083,0.854681,-50.307123,-0.294079,144.542379,0.854681
59,39642,0,0.4262691217,0.799430,830733.188035,842105.888618,840631.099783,839141.701265,11372.700583,1.368996,17468.047124,17707.183916,17676.173140,17644.855162,239.136792,1.368996,1474.788836,0.175438,2964.187354,0.353240,31.010776,0.175438,62.328754,0.353240
60,38017,0,0.4274979016,0.796565,742577.650624,755662.094376,758048.776097,749213.390593,13084.443752,1.762030,16497.198362,16787.884008,16840.906828,16644.618794,290.685646,1.762030,-2386.681721,-0.314845,6448.703782,0.860730,-53.022821,-0.314845,143.265213,0.860730
61,38454,0,0.4416571526,0.795288,770904.372652,784259.925126,781398.995815,780299.076054,13355.552474,1.732453,16551.240776,16837.983169,16776.559299,16752.944130,286.742393,1.732453,2860.929311,0.366129,3960.849072,0.507607,61.423870,0.366129,85.039039,0.507607
62,39211,0,0.4390920662,0.794394,807986.491124,822587.398160,820272.628448,818361.499978,14600.907036,1.807073,16613.145972,16913.357674,16865.763305,16826.468272,300.211702,1.807073,2314.769712,0.282195,4225.898182,0.516385,47.594369,0.282195,86.889402,0.516385
63,39086,0,0.4238882900,0.799877,759463.605941,770767.195176,768608.559012,768007.404677,11303.589235,1.488365,17491.902374,17752.245698,17702.528170,17688.682433,260.343324,1.488365,2158.636164,0.280850,2759.790499,0.359344,49.717528,0.280850,63.563264,0.359344
64,39084,0,0.4394407379,0.787637,841234.139419,856379.074592,853799.335438,851933.278092,15144.935173,1.800323,16850.845750,17154.215471,17102.540457,17065.161274,303.369721,1.800323,2579.739154,0.302148,4445.796501,0.521848,51.675015,0.302148,89.054197,0.521848
65,39714,0,0.4296506995,0.799768,804650.824193,818983.999173,821254.303207,812163.040676,14333.174979,1.781291,17505.463677,17817.286975,17866.678244,17668.894607,311.823298,1.781291,-2270.304034,-0.276443,6820.958497,0.839851,-49.391268,-0.276443,148.392368,0.839851
66,40533,0,0.4367661033,0.790738,786656.905243,801069.481750,799270.681553,797780.755325,14412.576507,1.832130,17663.318037,17986.932971,17946.543343,17913.089062,323.614934,1.832130,1798.800196,0.225055,3288.726425,0.412234,40.389628,0.225055,73.843909,0.412234
67,38402,0,0.4298514445,0.797693,745004.229247,757799.066859,760350.319818,751675.027870,12794.837612,1.717418,16816.428843,17105.237239,17162.824783,16967.003841,288.808396,1.717418,-2551.252960,-0.335537,6124.038989,0.814719,-57.587544,-0.335537,138.233398,0.814719
68,38521,0,0.4370116247,0.789154,719689.268816,732954.905560,731307.978700,729217.163828,13265.636745,1.843245,16582.112940,16887.761914,16849.815639,16801.641892,305.648974,1.843245,1646.926861,0.225203,3737.741733,0.512569,37.946275,0.225203,86.120022,0.512569
69,39957,0,0.4246650980,0.803689,765153.223370,776130.159208,774267.313581,773751.953734,10976.935838,1.434606,17524.888402,17776.301543,17733.635367,17721.831687,251.413141,1.434606,1862.845626,0.240595,2378.205473,0.307360,42.666176,0.240595,54.469856,0.307360
70,39950,0,0.4393968023,0.795670,847600.489505,863098.902667,860619.651702,858678.907368,15498.413162,1.828505,17275.178347,17591.055762,17540.525467,17500.970624,315.877415,1.828505,2479.250965,0.288077,4419.995299,0.514744,50.530295,0.288077,90.085138,0.514744
71,37956,0,0.4378943943,0.797292,749371.917158,763044.491825,760825.646502,759108.603962,13672.574667,1.824538,16629.381153,16932.790516,16883.551915,16845.448866,303.409362,1.824538,2218.845323,0.291637,3935.887863,0.518488,49.238601,0.291637,87.341650,0.518488
72,38968,0,0.4416087164,0.802736,773349.466026,786813.008021,784604.713073,783378.663016,13463.541994,1.740939,17028.263124,17324.714788,17276.090680,17249.094472,296.451663,1.740939,2208.294947,0.281453,3434.345004,0.438402,48.624107,0.281453,75.620315,0.438402
73,38245,0,0.4281100955,0.785018,763348.471784,769674.709628,770959.842849,767630.909356,6326.237843,0.828748,16281.977786,16416.914408,16444.325887,16373.320805,134.936622,0.828748,-1285.133221,-0.166693,2043.800272,0.266248,-27.411479,-0.166693,43.593604,0.266248
74,37566,0,0.4387980741,0.794735,730115.669318,743277.287388,740909.763978,739969.014592,13161.618070,1.802676,16434.227162,16730.482989,16677.192231,16656.016834,296.255827,1.802676,2367.523410,0.319543,3308.272796,0.447083,53.290758,0.319543,74.466155,0.447083
75,39241,0,0.4238245210,0.797712,747708.555745,758463.726716,757506.391402,755988.498992,10755.170971,1.438418,16891.311540,17134.279127,17112.652186,17078.361828,242.967587,1.438418,957.335314,0.126380,2475.227724,0.327416,21.626941,0.126380,55.917299,0.327416
76,40495,0,0.4398225211,0.798173,781763.326152,796033.649161,793243.623027,792297.701401,14270.323009,1.825402,17248.233945,17563.083544,17501.526521,17480.656422,314.849599,1.825402,2790.026134,0.351724,3735.947760,0.471533,61.557024,0.351724,82.427122,0.471533
77,40574,0,0.4399760067,0.795928,789029.824471,803167.348244,800990.509141,798912.505445,14137.523773,1.791760,17654.125976,17970.445611,17921.739984,17875.245748,316.319635,1.791760,2176.839104,0.271768,4254.842799,0.532579,48.705626,0.271768,95.199862,0.532579
78,38701,0,0.4286278350,0.793959,713982.588077,727219.805464,729135.398938,720435.216751,13237.217386,1.853997,16889.929042,17203.067858,17248.383022,17042.572037,313.138816,1.853997,-1915.593475,-0.262721,6784.588713,0.941735,-45.315164,-0.262721,160.495821,0.941735
79,39932,0,0.4388338336,0.794451,748448.959116,762405.846293,759531.036774,758588.982995,13956.887177,1.864775,16975.147213,17291.695472,17226.493544,17205.127356,316.548258,1.864775,2874.809520,0.378498,3816.863298,0.503153,65.201928,0.378498,86.568116,0.503153
80,38364,0,0.4283110090,0.794130,687101.489038,698976.482997,701574.043474,693574.566716,11874.993959,1.728274,16858.792796,17150.158869,17213.892880,17017.616896,291.366073,1.728274,-2597.560477,-0.370248,5401.916281,0.778852,-63.734011,-0.370248,132.541973,0.778852
81,40827,0,0.4274353281,0.792515,820702.065493,836217.436846,838155.528563,828829.441532,15515.371353,1.890500,17840.522130,18177.797175,18219.927650,18017.196027,337.275045,1.890500,-1938.091717,-0.231233,7387.995313,0.891377,-42.130475,-0.231233,160.601148,0.891377
82,40666,0,0.4403314956,0.791423,816377.247524,831081.310453,828322.593685,827242.334847,14704.062928,1.801136,17429.351286,17743.277573,17684.379994,17661.316869,313.926287,1.801136,2758.716767,0.333049,3838.975605,0.464069,58.897579,0.333049,81.960705,0.464069
83,39924,0,0.4374678253,0.786945,798565.154299,813349.362868,811457.891349,809601.251266,14784.208569,1.851347,16908.776818,17221.816877,17181.766958,17142.454558,313.040059,1.851347,1891.471518,0.233095,3748.111601,0.462958,40.049919,0.233095,79.362319,0.462958
84,42399,0,0.4344925225,0.792448,892337.397580,909966.885311,907908.257916,905615.530822,17629.487731,1.975653,18183.125257,18542.360658,18500.412086,18453.693273,359.235402,1.975653,2058.627395,0.226744,4351.354489,0.480486,41.948572,0.226744,88.667385,0.480486
85,37310,0,0.4233052547,0.792871,693673.116920,706400.370421,710610.585913,701447.422514,12727.253501,1.834762,16280.748093,16579.461137,16678.276351,16463.213735,298.713044,1.834762,-4210.215492,-0.592479,4952.947907,0.706104,-98.815214,-0.592479,116.247401,0.706104
86,39799,0,0.4383038030,0.803990,771541.246302,785881.663530,782987.773057,782183.986399,14340.417228,1.858671,17472.759068,17797.520260,17731.983581,17713.780575,324.761192,1.858671,2893.890473,0.369596,3697.677131,0.472738,65.536679,0.369596,83.739686,0.472738
87,38711,0,0.4289023392,0.787296,794902.075191,809154.089367,811573.768471,802084.867714,14252.014176,1.792927,16294.983510,16587.140674,16636.742546,16442.226157,292.157164,1.792927,-2419.679104,-0.298147,7069.221653,0.881356,-49.601872,-0.298147,144.914517,0.881356
88,40085,0,0.4381380029,0.801173,766568.857155,780677.223462,778803.610881,777409.760575,14108.366307,1.840456,17505.250799,17827.427324,17784.641790,17752.812034,322.176525,1.840456,1873.612581,0.240576,3267.462887,0.420301,42.785534,0.240576,74.615290,0.420301
89,40978,0,0.4390839633,0.798843,805659.043950,820660.365275,817224.047168,816103.326706,15001.321325,1.861994,17620.400923,17948.491693,17873.336696,17848.825653,328.090770,1.861994,3436.318107,0.420487,4557.038569,0.558390,75.154997,0.420487,99.666040,0.558390
90,39242,0,0.4259264808,0.794506,765040.918878,774964.404604,774106.469159,772476.197402,9923.485726,1.297118,16852.761653,17071.361908,17052.462812,17016.550247,218.600255,1.297118,857.935445,0.110829,2488.207202,0.322108,18.899096,0.110829,54.811660,0.322108
91,37547,0,0.4249476622,0.792820,715950.064012,728028.073825,732784.796017,723290.744203,12078.009813,1.686991,16200.303955,16473.601549,16581.235236,16366.406671,273.297594,1.686991,-4756.722192,-0.649129,4737.329622,0.654969,-107.633687,-0.649129,107.194878,0.654969
92,39216,0,0.4259809555,0.791310,760348.410016,771124.672987,769470.982062,768722.559409,10776.262970,1.417280,16497.563641,16731.380247,16695.499496,16679.260690,233.816605,1.417280,1653.690924,0.214913,2402.113578,0.312481,35.880750,0.214913,52.119556,0.312481
93,37628,0,0.4341160584,0.786941,716486.675701,728932.989631,729267.255020,726646.788820,12446.313930,1.737131,16698.067001,16988.134341,16995.924557,16934.853330,290.067340,1.737131,-334.265389,-0.045836,2286.200811,0.314623,-7.790216,-0.045836,53.281011,0.314623
94,38824,0,0.4232930253,0.795178,806029.824801,818164.626114,816924.243408,815028.289932,12134.801313,1.505503,16779.357410,17031.971100,17006.149693,16966.681077,252.613690,1.505503,1240.382705,0.151836,3136.336182,0.384813,25.821408,0.151836,65.290023,0.384813
95,38476,0,0.4273115501,0.794573,757399.638971,771563.895901,772995.799692,764685.253491,14164.256930,1.870117,16178.131571,16480.681507,16511.267114,16333.753021,302.549936,1.870117,-1431.903791,-0.185241,6878.642410,0.899539,-30.585607,-0.185241,146.928486,0.899539
96,39265,0,0.4398615420,0.786604,781705.579740,795224.883555,793270.672421,791569.153022,13519.303815,1.729462,16810.623076,17101.356476,17059.331054,17022.739782,290.733400,1.729462,1954.211134,0.246349,3655.730533,0.461833,42.025422,0.246349,78.616694,0.461833
97,39765,0,0.4247166969,0.798743,796959.926753,808593.638788,807260.977145,805887.424924,11633.712034,1.459761,17408.794437,17662.921269,17633.810605,17603.806728,254.126832,1.459761,1332.661642,0.165084,2706.213864,0.335805,29.110664,0.165084,59.114542,0.335805
98,37977,0,0.4313831689,0.793849,695019.217377,706214.385088,705114.235627,703135.837854,11195.167712,1.610771,16277.886737,16540.086209,16514.319859,16467.984256,262.199472,1.610771,1100.149462,0.156024,3078.547234,0.437831,25.766350,0.156024,72.101953,0.437831
99,40254,0,0.4361080892,0.789959,819008.874536,834445.216476,831688.675919,830071.278379,15436.341940,1.884759,17111.962523,17434.481745,17376.887963,17343.094866,322.519222,1.884759,2756.540557,0.331439,4373.938097,0.526935,57.593782,0.331439,91.386879,0.526935
100,39603,0,0.4301111670,0.785673,813308.480153,827699.846483,830276.034892,820694.891862,14391.366330,1.769484,16835.420151,17133.320277,17186.647170,16988.318279,297.900126,1.769484,-2576.188409,-0.310281,7004.954621,0.853539,-53.326893,-0.310281,145.001997,0.853539
101,37667,0,0.4351958219,0.799320,703112.105292,715995.583140,714523.533358,712483.096941,12883.477848,1.832350,16486.442373,16788.531774,16754.015424,16706.171649,302.089402,1.832350,1472.049782,0.206018,3512.486199,0.492992,34.516351,0.206018,82.360126,0.492992
102,38669,0,0.4381443941,0.799788,717026.875273,729984.418395,727667.978158,726629.168028,12957.543122,1.807121,16878.054637,17183.061504,17128.534949,17104.082457,305.006867,1.807121,2316.440237,0.318338,3355.250366,0.461756,54.526554,0.318338,78.979047,0.461756
103,39603,0,0.4258913332,0.800848,746153.683146,756355.771575,755674.238496,753663.384600,10202.088428,1.367291,17488.662434,17727.783254,17711.809196,17664.677961,239.120820,1.367291,681.533078,0.090189,2692.386975,0.357240,15.974058,0.090189,63.105293,0.357240
104,39770,0,0.4384364346,0.800402,777873.216169,792112.371569,789874.025202,788486.068980,14239.155399,1.830524,17195.959468,17510.735622,17461.253890,17430.571205,314.776154,1.830524,2238.346367,0.283380,3626.302589,0.459907,49.481731,0.283380,80.164416,0.459907
105,38237,0,0.4388133224,0.797526,749144.492377,762844.180091,760564.136559,759024.218368,13699.687714,1.828711,16746.208095,17052.447844,17001.480262,16967.057276,306.239749,1.828711,2280.043532,0.299783,3819.961723,0.503273,50.967582,0.299783,85.390568,0.503273
106,41003,0,0.4245554960,0.795820,857735.204663,870182.929311,868741.183240,867080.629615,12447.724648,1.451232,17685.879488,17942.542566,17912.814805,17878.575390,256.663078,1.451232,1441.746071,0.165958,3102.299695,0.357787,29.727761,0.165958,63.967176,0.357787
107,40296,0,0.4379782761,0.791865,805087.594033,819711.913826,817524.108378,815919.234419,14624.319793,1.816488,17281.435270,17595.350474,17548.388604,17513.939526,313.915203,1.816488,2187.805447,0.267614,3792.679406,0.464835,46.961869,0.267614,81.410947,0.464835
108,41930,0,0.4398335621,0.793084,876062.261729,892029.586822,889183.442916,887780.124124,15967.325093,1.822624,18221.815047,18553.930305,18494.731422,18465.542839,332.115259,1.822624,2846.143906,0.320085,4249.462698,0.478662,59.198884,0.320085,88.387466,0.478662
109,40217,0,0.4368899028,0.791233,862736.712955,879123.573471,876791.519469,875156.804714,16386.860516,1.899405,17456.868604,17788.445163,17741.257696,17708.180397,331.576559,1.899405,2332.054002,0.265976,3966.768757,0.453264,47.187467,0.265976,80.264767,0.453264
110,39846,0,0.4367100839,0.792074,778077.115500,792775.222427,790228.642181,788978.253324,14698.106927,1.889030,16944.863690,17264.957178,17209.498080,17182.267272,320.093489,1.889030,2546.580246,0.322259,3796.969103,0.481251,55.459098,0.322259,82.689906,0.481251
111,40251,0,0.4384170636,0.794241,803788.900080,818337.761271,816198.556737,814669.793807,14548.861191,1.810035,17588.036999,17906.386642,17859.577824,17826.126330,318.349642,1.810035,2139.204534,0.262094,3667.967464,0.450240,46.808818,0.262094,80.260311,0.450240
112,41233,0,0.4386957615,0.790847,774286.474426,788451.354268,785887.236477,784529.086341,14164.879842,1.829411,17297.250743,17613.688504,17556.407136,17526.066604,316.437761,1.829411,2564.117791,0.326270,3922.267927,0.499952,57.281368,0.326270,87.621900,0.499952
113,38890,0,0.4406179260,0.787375,710439.016644,723009.282540,720379.585811,719454.285714,12570.265896,1.769366,16335.004191,16624.030190,16563.566018,16542.290749,289.025998,1.769366,2629.696730,0.365043,3554.996826,0.494124,60.464172,0.365043,81.739441,0.494124
114,39132,0,0.4233389355,0.791986,779867.752621,791031.244442,789780.440189,788691.791946,11163.491820,1.431460,16828.164152,17069.052523,17042.062384,17018.571284,240.888371,1.431460,1250.804253,0.158374,2339.452495,0.296624,26.990139,0.158374,50.481239,0.296624
115,37892,0,0.4366339910,0.799694,737872.538007,752103.333358,749789.710603,748156.548922,14230.795351,1.928625,16920.142413,17246.468535,17193.414892,17155.964889,326.326122,1.928625,2313.622755,0.308570,3946.784436,0.527535,53.053643,0.308570,90.503646,0.527535
116,38663,0,0.4237804256,0.800429,743061.912440,754016.667816,752578.341654,751394.154109,10954.755376,1.474272,17005.900440,17256.613706,17223.695815,17196.594203,250.713266,1.474272,1438.326162,0.191120,2622.513708,0.349020,32.917892,0.191120,60.019503,0.349020
117,39408,0,0.4241805254,0.796539,713508.701246,722990.598237,722461.881754,721123.900329,9481.896991,1.328911,16985.077897,17210.794498,17198.208400,17166.357746,225.716601,1.328911,528.716483,0.073183,1866.697908,0.258860,12.586098,0.073183,44.436752,0.258860
118,38557,0,0.4248092856,0.789455,718641.187230,728516.980484,727002.536394,726381.189631,9875.793254,1.374231,16455.781877,16681.922408,16647.243959,16633.016071,226.140531,1.374231,1514.444090,0.208313,2135.790853,0.294032,34.678449,0.208313,48.906337,0.294032
119,38287,0,0.4410395969,0.803197,713696.245248,726454.595685,723955.142002,723033.310398,12758.350436,1.787644,17045.621963,17350.337057,17290.641153,17268.624513,304.715094,1.787644,2499.453683,0.345250,3421.285287,0.473185,59.695904,0.345250,81.712544,0.473185
120,38506,0,0.4359109668,0.797512,760610.087207,775406.763531,772345.427818,771281.623877,14796.676324,1.945369,16898.700185,17227.442337,17159.427732,17135.792884,328.742152,1.945369,3061.335714,0.396369,4125.139654,0.534842,68.014605,0.396369,91.649453,0.534842
121,39925,0,0.4414317733,0.805085,737359.523534,750102.529636,747955.986606,746530.678372,12743.006101,1.728194,17370.393726,17670.587900,17620.020577,17586.443788,300.194174,1.728194,2146.543030,0.286988,3571.851263,0.478460,50.567324,0.286988,84.144113,0.478460
122,37782,0,0.4245817547,0.789979,776140.225069,787572.977124,786510.028519,784685.970237,11432.752055,1.473027,16687.210621,16933.017674,16910.164011,16870.946298,245.807053,1.473027,1062.948606,0.135147,2887.006887,0.367919,22.853663,0.135147,62.071376,0.367919
123,40030,0,0.4384954361,0.797627,886953.055424,903216.343377,900484.981010,899007.437422,16263.287953,1.833613,17142.097677,17456.417436,17403.628532,17375.072120,314.319759,1.833613,2731.362368,0.303321,4208.905955,0.468173,52.788905,0.303321,81.345316,0.468173
124,40472,0,0.4365784745,0.794673,814850.574018,830016.866668,827819.187021,825719.370713,15166.292650,1.861236,17193.706508,17513.721972,17467.349962,17423.042912,320.015464,1.861236,2197.679647,0.265478,4297.495955,0.520455,46.372010,0.265478,90.679060,0.520455
125,40726,0,0.4403290666,0.797549,817127.240489,831609.524969,829588.154605,827669.626935,14482.284480,1.772341,17778.162148,18093.251879,18049.273110,18007.531880,315.089730,1.772341,2021.370364,0.243660,3939.898034,0.476023,43.978769,0.243660,85.719999,0.476023
126,40263,0,0.4379085888,0.797755,791180.306637,805913.397470,803138.445594,801895.568714,14733.090833,1.862166,17532.871734,17859.362914,17797.868871,17770.326223,326.491180,1.862166,2774.951876,0.345514,4017.828756,0.501041,61.494042,0.345514,89.036691,0.501041
127,38868,0,0.4389724943,0.793403,749612.044472,763003.133821,761382.246593,759527.744564,13391.089349,1.786403,16678.521727,16976.467279,16940.403287,16899.141473,297.945552,1.786403,1620.887228,0.212887,3475.389257,0.457572,36.063992,0.212887,77.325806,0.457572
128,39688,0,0.4376607322,0.793867,755071.978919,769292.441536,767094.464133,765341.468389,14220.462617,1.883325,17194.045581,17517.865414,17467.814393,17427.896227,323.819833,1.883325,2197.977403,0.286533,3950.973147,0.516237,50.051021,0.286533,89.969187,0.516237
129,39956,0,0.4238609412,0.794349,824829.466431,837012.143677,835135.486351,834212.503230,12182.677246,1.476993,17315.619543,17571.370111,17531.973502,17512.597345,255.750568,1.476993,1876.657326,0.224713,2799.640448,0.335603,39.396609,0.224713,58.772766,0.335603
130,39856,0,0.4386900791,0.793808,790243.193410,804489.016261,802091.255051,800957.899035,14245.822850,1.802714,17567.382178,17884.071796,17830.768726,17805.573826,316.689617,1.802714,2397.761210,0.298939,3531.117226,0.440862,53.303069,0.298939,78.497969,0.440862
131,38023,0,0.4221809063,0.793730,751832.638124,763535.708478,761728.918615,760621.177776,11703.070354,1.556606,16581.223932,16839.328223,16799.480542,16775.049973,258.104291,1.556606,1806.789863,0.237196,2914.530702,0.383178,39.847681,0.237196,64.278250,0.383178
132,37777,0,0.4394707059,0.792466,715612.478842,728222.183770,726072.721271,724830.441208,12609.704928,1.762086,15924.855002,16205.464589,16157.631607,16129.986575,280.609588,1.762086,2149.462498,0.296040,3391.742562,0.467936,47.832982,0.296040,75.478014,0.467936
133,37931,0,0.4323273634,0.792017,729055.386753,737341.493229,739834.988180,737349.970714,8286.106476,1.136554,16258.949858,16443.741566,16499.349973,16443.930625,184.791707,1.136554,-2493.494951,-0.337034,-8.477485,-0.001150,-55.608408,-0.337034,-0.189060,-0.001150
134,38806,0,0.4254503660,0.791656,807904.729803,819395.365952,817631.624464,816857.889597,11490.636150,1.422276,17009.505257,17251.427390,17214.293841,17198.003743,241.922134,1.422276,1763.741488,0.215713,2537.476355,0.310639,37.133549,0.215713,53.423647,0.310639
135,38086,0,0.4246035115,0.791945,726499.843103,737021.468993,736084.810579,734482.433858,10521.625890,1.448263,16341.337718,16578.003209,16556.934724,16520.892074,236.665491,1.448263,936.658414,0.127249,2539.035135,0.345690,21.068486,0.127249,57.111135,0.345690
136,39028,0,0.4236198109,0.786871,775691.389718,787337.278626,785614.308293,784431.392453,11645.888908,1.501356,16964.239226,17218.932843,17181.251774,17155.381605,254.693617,1.501356,1722.970333,0.219315,2905.886173,0.370445,37.681069,0.219315,63.551238,0.370445
137,39150,0,0.4243958383,0.794176,785924.802103,796850.938567,796303.776910,794243.075353,10926.136465,1.390227,17242.706372,17482.419080,17470.414690,17425.204166,239.712708,1.390227,547.161657,0.068713,2607.863214,0.328346,12.004390,0.068713,57.214914,0.328346
138,41813,0,0.4378154491,0.799010,869015.546753,885369.693567,882628.838200,881019.116020,16354.146814,1.881916,18077.950166,18418.162089,18361.144644,18327.657927,340.211924,1.881916,2740.855367,0.310533,4350.577547,0.493812,57.017446,0.310533,90.504162,0.493812
139,37999,0,0.4284677967,0.798784,734727.673565,747847.318615,749855.805441,741518.995113,13119.645050,1.785647,16582.089556,16878.187194,16923.516790,16735.363083,296.097639,1.785647,-2008.486826,-0.267850,6328.323502,0.853427,-45.329596,-0.267850,142.824111,0.853427
140,39001,0,0.4386476589,0.793236,824895.899319,839828.240507,837473.624420,835774.627748,14932.341188,1.810209,16711.283184,17013.792364,16966.091004,16931.671613,302.509180,1.810209,2354.616087,0.281157,4053.612759,0.485013,47.701360,0.281157,82.120751,0.485013
141,38842,0,0.4414599989,0.796715,737001.396432,748569.640010,747233.485143,745904.995778,11568.243578,1.569637,16642.596530,16903.824814,16873.652434,16843.653152,261.228284,1.569637,1336.154867,0.178814,2664.644232,0.357236,30.172380,0.178814,60.171662,0.357236
142,39385,0,0.4384761647,0.801320,813324.537129,828481.751627,825350.224506,823800.263686,15157.214498,1.863612,17242.022581,17563.347001,17496.960388,17464.102090,321.324419,1.863612,3131.527121,0.379418,4681.487941,0.568279,66.386613,0.379418,99.244910,0.568279
143,41004,0,0.4353797532,0.792410,856927.695904,873249.932225,870428.041029,869276.602984,16322.236321,1.904739,17665.726220,18002.212204,17944.038384,17920.301271,336.485983,1.904739,2821.891196,0.324196,3973.329241,0.457085,58.173820,0.324196,81.910932,0.457085
144,40326,0,0.4279833376,0.791152,804475.239264,819258.377853,821807.611314,812364.551409,14783.138589,1.837613,17132.739507,17447.572892,17501.863379,17300.756524,314.833385,1.837613,-2549.233460,-0.310198,6893.826444,0.848612,-54.290487,-0.310198,146.816368,0.848612
145,38186,0,0.4399477517,0.803567,742959.134244,756343.841747,754549.007643,752958.280702,13384.707503,1.801540,16672.536949,16972.899405,16932.622038,16896.924982,300.362456,1.801540,1794.834104,0.237868,3385.561045,0.449635,40.277367,0.237868,75.974423,0.449635
146,38228,0,0.4373996259,0.788427,728450.159772,741888.877185,739424.575305,738582.996396,13438.717412,1.844837,16395.202331,16697.667075,16642.203118,16623.261731,302.464744,1.844837,2464.301880,0.333273,3305.880789,0.447598,55.463956,0.333273,74.405344,0.447598
147,39436,0,0.4256222802,0.793057,751818.071294,762421.577931,761129.749952,759759.380189,10603.506637,1.410382,16930.596825,17169.382912,17140.291541,17109.431445,238.786088,1.410382,1291.827979,0.169725,2662.197742,0.350400,29.091371,0.169725,59.951467,0.350400
148,38925,0,0.4248006279,0.796455,739327.372006,749754.172962,748783.403521,747479.603775,10426.800957,1.410309,16536.246577,16769.458762,16747.745941,16718.584361,233.212185,1.410309,970.769442,0.129646,2274.569187,0.304298,21.712821,0.129646,50.874401,0.304298
149,37690,0,0.4218896192,0.790608,707967.242950,718081.555049,716649.515653,716275.122562,10114.312099,1.428641,16382.334897,16616.379692,16583.242355,16574.578914,234.044795,1.428641,1432.039395,0.199824,1806.432487,0.252198,33.137337,0.199824,41.800779,0.252198
150,40185,0,0.4225339753,0.791813,731481.641624,742266.120238,741206.870538,739536.754876,10784.478614,1.474333,17076.538074,17328.303189,17303.574861,17264.585784,251.765115,1.474333,1059.249700,0.142909,2729.365362,0.369064,24.728328,0.142909,63.717404,0.369064
151,38232,0,0.4244003716,0.792347,733335.573294,740495.916711,742195.911273,737592.016751,7160.343418,0.976407,16598.801697,16760.873639,16799.352438,16695.144849,162.071942,0.976407,-1699.994561,-0.229049,2903.899961,0.393700,-38.478800,-0.229049,65.728790,0.393700
152,38568,0,0.4220540656,0.794985,744732.316570,759577.387143,761564.325939,752623.115806,14845.070573,1.993343,16899.956286,17236.830406,17281.919330,17079.019500,336.874120,1.993343,-1986.938796,-0.260902,6954.271336,0.924004,-45.088924,-0.260902,157.810906,0.924004
153,39263,0,0.4395067586,0.799124,742394.049705,755902.994618,753829.525200,752271.110070,13508.944913,1.819646,16925.474042,17233.457782,17186.185781,17150.656246,307.983741,1.819646,2073.469418,0.275058,3631.884548,0.482789,47.272002,0.275058,82.801536,0.482789
154,40748,0,0.4401834613,0.798984,749312.227829,762717.270197,760888.555084,758922.753299,13405.042368,1.788980,17789.799082,18108.054946,18064.638499,18017.967409,318.255864,1.788980,1828.715114,0.240339,3794.516898,0.499987,43.416447,0.240339,90.087537,0.499987
155,38196,0,0.4398688719,0.797387,795709.068689,810246.644381,807541.313973,806194.339190,14537.575692,1.826996,16675.793016,16980.459147,16923.763136,16895.534386,304.666131,1.826996,2705.330407,0.335008,4052.305191,0.502646,56.696011,0.335008,84.924761,0.502646
156,38875,0,0.4357132317,0.803087,764675.425710,779890.104628,777292.680536,775798.748762,15214.678918,1.989691,17473.359804,17821.025689,17761.672761,17727.535392,347.665886,1.989691,2597.424092,0.334163,4091.355866,0.527373,59.352928,0.334163,93.490298,0.527373
157,38229,0,0.4234147823,0.795993,686448.228209,696470.667057,695629.134499,694199.694953,10022.438848,1.460043,16328.510200,16566.913459,16546.895965,16512.893957,238.403259,1.460043,841.532558,0.120974,2270.972103,0.327135,20.017494,0.120974,54.019502,0.327135
158,39305,0,0.4352917918,0.792622,803377.426853,819129.696408,816899.368980,814901.717633,15752.269555,1.960756,16860.250689,17190.839033,17144.031794,17102.107660,330.588345,1.960756,2230.327427,0.273024,4227.978774,0.518833,46.807239,0.273024,88.731373,0.518833
159,39517,0,0.4296764596,0.799631,738884.467810,752091.603457,754021.215003,745875.849496,13207.135648,1.787443,17369.982081,17680.460538,17725.822593,17534.338188,310.478457,1.787443,-1929.611546,-0.255909,6215.753962,0.833350,-45.362055,-0.255909,146.122350,0.833350
160,40109,0,0.4384246669,0.794934,849491.042661,865259.001442,862923.306980,861303.270907,15767.958781,1.856165,17161.776807,17480.327770,17433.141084,17400.412431,318.550963,1.856165,2335.694461,0.270672,3955.730535,0.459273,47.186686,0.270672,79.915339,0.459273
161,38779,0,0.4254002705,0.791717,771111.970336,781413.905330,780227.828618,778855.540280,10301.934994,1.335984,16835.100027,17060.014323,17034.119614,17004.159489,224.914296,1.335984,1186.076712,0.152017,2558.365050,0.328477,25.894709,0.152017,55.854835,0.328477
162,40787,0,0.4242363156,0.791331,832565.973410,844706.799646,843180.656314,841680.681179,12140.826236,1.458242,17495.331405,17750.455666,17718.385675,17686.865575,255.124261,1.458242,1526.143332,0.180998,3026.118467,0.359533,32.069991,0.180998,63.590090,0.359533
163,39232,0,0.4396921768,0.797257,817665.012928,832393.067196,829749.225172,828330.352315,14728.054268,1.801233,17055.215993,17362.420218,17307.273799,17277.678326,307.204225,1.801233,2643.842023,0.318631,4062.714881,0.490470,55.146418,0.318631,84.741892,0.490470
164,40172,0,0.4376994703,0.795305,821070.478478,836695.194817,834158.105775,832631.962372,15624.716339,1.902969,17332.519162,17662.351622,17608.794533,17576.578164,329.832460,1.902969,2537.089042,0.304150,4063.232445,0.487999,53.557089,0.304150,85.773458,0.487999
165,38772,0,0.4381510349,0.792582,810533.798648,825551.675255,823378.651836,821417.734756,15017.876607,1.852838,16785.126084,17096.127245,17051.126689,17010.518585,311.001161,1.852838,2173.023419,0.263915,4133.940499,0.503269,45.000557,0.263915,85.608660,0.503269
166,38193,0,0.4241305152,0.795277,690021.874723,700009.683441,698696.268926,697805.169254,9987.808719,1.447463,16533.913385,16773.235601,16741.764306,16720.412280,239.322216,1.447463,1313.414516,0.187981,2204.514187,0.315921,31.471295,0.187981,52.823320,0.315921
167,40711,0,0.4383005980,0.796394,862648.518119,878082.044129,875761.197312,873980.633024,15433.526010,1.789086,17869.736828,18189.441832,18141.365564,18104.481231,319.705004,1.789086,2320.846817,0.265009,4101.411105,0.469279,48.076269,0.265009,84.960602,0.469279
168,41913,0,0.4242603673,0.792379,833866.922742,846146.673936,844639.642464,843488.272033,12279.751195,1.472627,17685.573072,17946.015634,17914.052841,17889.633302,260.442561,1.472627,1507.031473,0.178423,2658.401903,0.315168,31.962792,0.178423,56.382331,0.315168
169,38789,0,0.4401882163,0.805486,783345.072194,797607.300614,794875.493832,793394.746961,14262.228421,1.820683,17228.318150,17541.991163,17481.909804,17449.343341,313.673013,1.820683,2731.806783,0.343677,4212.553653,0.530953,60.081359,0.343677,92.647822,0.530953
170,39968,0,0.4260145242,0.795061,761797.509611,772529.932069,771484.207745,769706.678959,10732.422458,1.408829,17253.924000,17497.002245,17473.317672,17433.058488,243.078245,1.408829,1045.724324,0.135547,2823.253110,0.366796,23.684572,0.135547,63.943757,0.366796
171,38913,0,0.4229450514,0.796752,784180.107544,795707.134239,794626.138479,793449.775595,11527.026694,1.469946,16643.341603,16887.989792,16865.046871,16840.079891,244.648189,1.469946,1080.995759,0.136038,2257.358644,0.284499,22.942920,0.136038,47.909901,0.284499
172,39761,0,0.4381437489,0.786323,829693.703016,844956.183469,841395.418006,841000.072388,15262.480453,1.839532,17060.302086,17374.131787,17300.914726,17292.785563,313.829701,1.839532,3560.765463,0.423198,3956.111081,0.470406,73.217061,0.423198,81.346224,0.470406
173,38179,0,0.4250926361,0.799235,730455.106690,740987.366684,739705.309244,738369.053920,10532.259994,1.441876,16620.592674,16860.241082,16831.069468,16800.664649,239.648408,1.441876,1282.057440,0.173320,2618.312763,0.354608,29.171614,0.173320,59.576433,0.354608
174,38620,0,0.4298441153,0.792103,705821.868649,717959.715942,719554.363575,711931.844445,12137.847292,1.719676,16487.861963,16771.399722,16808.650381,16630.589813,283.537759,1.719676,-1594.647633,-0.221616,6027.871497,0.846692,-37.250659,-0.221616,140.809909,0.846692
175,41721,0,0.4259459904,0.799837,868440.803273,884728.366101,887993.760994,877042.474012,16287.562828,1.875495,17878.589816,18213.901853,18281.126534,18055.672401,335.312037,1.875495,-3265.394893,-0.367727,7685.892089,0.876342,-67.224681,-0.367727,158.229452,0.876342
176,38496,0,0.4292456482,0.791069,779162.766040,792926.132230,794659.663870,786468.436153,13763.366190,1.766430,16748.493310,17044.343749,17081.606878,16905.532342,295.850439,1.766430,-1733.531639,-0.218148,6457.696077,0.821100,-37.263130,-0.218148,138.811407,0.821100
177,39151,0,0.4391485751,0.794054,810273.777713,824986.241495,822690.649168,821017.567601,14712.463782,1.815740,17091.143205,17401.473901,17353.052864,17317.762475,310.330696,1.815740,2295.592327,0.279035,3968.673894,0.483385,48.421038,0.279035,83.711427,0.483385
178,41413,0,0.4265127474,0.795040,775745.663153,786241.385220,785916.087564,783764.493022,10495.722066,1.352985,17921.932686,18164.413738,18156.898436,18107.190478,242.481052,1.352985,325.297656,0.041391,2476.892198,0.316025,7.515302,0.041391,57.223259,0.316025
179,39048,0,0.4276679959,0.798863,716821.517647,729657.452086,731107.598948,723746.751360,12835.934439,1.790674,16892.942396,17195.439874,17229.614695,17056.145608,302.497478,1.790674,-1450.146862,-0.198349,5910.700725,0.816681,-34.174821,-0.198349,139.294266,0.816681
180,40357,0,0.4260570418,0.790767,855428.131698,871140.693916,872925.053756,863480.831247,15712.562218,1.836807,17394.269941,17713.769077,17750.052238,17558.013480,319.499136,1.836807,-1784.359840,-0.204412,7659.862669,0.887091,-36.283161,-0.204412,155.755597,0.887091
181,37189,0,0.4379832741,0.800559,690617.644754,703572.992314,701419.529966,699871.876804,12955.347560,1.875907,16653.975429,16966.388588,16914.458682,16877.137629,312.413159,1.875907,2153.462348,0.307015,3701.115510,0.528828,51.929906,0.307015,89.250959,0.528828
182,39349,0,0.4228387095,0.796259,764167.069961,775205.899484,773883.647171,772386.793249,11038.829522,1.444557,17542.548012,17795.960131,17765.605938,17731.243516,253.412120,1.444557,1322.252312,0.170859,2819.106235,0.364986,30.354193,0.170859,64.716616,0.364986
183,38559,0,0.4230830722,0.796571,717141.321851,727464.401416,726137.085474,724962.423567,10323.079565,1.439476,16761.964301,17003.248809,16972.225046,16944.769313,241.284508,1.439476,1327.315942,0.182791,2501.977849,0.345118,31.023763,0.182791,58.479496,0.345118
184,38023,0,0.4364723110,0.795939,764152.811563,778530.135918,775784.623107,775111.146319,14377.324355,1.881472,16382.727190,16690.963683,16632.102436,16617.663718,308.236493,1.881472,2745.512811,0.353901,3418.989599,0.441097,58.861247,0.353901,73.299964,0.441097
185,39713,0,0.4236454777,0.797749,707532.972009,717978.134696,716565.697272,715626.358134,10445.162686,1.476279,17100.918262,17353.375575,17319.237269,17296.533646,252.457314,1.476279,1412.437424,0.197112,2351.776562,0.328632,34.138306,0.197112,56.841929,0.328632
186,38762,0,0.4397880153,0.795057,748220.521552,761902.073940,759730.412031,757879.081520,13681.552388,1.828545,16849.212878,17157.308395,17108.404639,17066.714441,308.095517,1.828545,2171.661910,0.285846,4022.992420,0.530822,48.903756,0.285846,90.593954,0.530822
187,38887,0,0.4399396361,0.799547,745187.695504,758666.122802,756636.726693,755194.955381,13478.427298,1.808729,16773.697594,17077.088357,17031.407951,16998.954602,303.390763,1.808729,2029.396110,0.268213,3471.167421,0.459639,45.680406,0.268213,78.133755,0.459639
188,38335,0,0.4237061514,0.797052,729245.775177,739688.966763,738727.024124,737543.390769,10443.191586,1.432054,16716.602314,16955.993047,16933.942302,16906.809710,239.390733,1.432054,961.942639,0.130216,2145.575995,0.290908,22.050745,0.130216,49.183337,0.290908
189,40305,0,0.4402897486,0.805632,772318.689254,785938.153989,782892.201928,782033.552248,13619.464735,1.763451,17650.969494,17962.235762,17892.622004,17872.997981,311.266269,1.763451,3045.952061,0.389064,3904.601740,0.499288,69.613759,0.389064,89.237781,0.499288
190,40146,0,0.4381166219,0.792482,827256.486132,842752.232692,840067.749247,839137.425302,15495.746560,1.873149,17369.869191,17695.232721,17638.866737,17619.332765,325.363530,1.873149,2684.483445,0.319556,3614.807389,0.430777,56.365985,0.319556,75.899957,0.430777
191,39377,0,0.4261391169,0.796734,749814.415757,760376.071508,759115.238761,758030.480089,10561.655752,1.408569,17067.403264,17307.809469,17279.110179,17254.418718,240.406205,1.408569,1260.832748,0.166092,2345.591419,0.309432,28.699289,0.166092,53.390751,0.309432
192,39700,0,0.4246091364,0.800403,729169.471276,739483.969569,738151.886176,736797.859411,10314.498293,1.414554,17625.393479,17874.714245,17842.515291,17809.785925,249.320766,1.414554,1332.083393,0.180462,2686.110158,0.364565,32.198954,0.180462,64.928320,0.364565
193,37418,0,0.4374092936,0.796996,705166.293980,718389.616898,716356.505120,714851.681153,13223.322918,1.875206,16498.962670,16808.352260,16760.783005,16725.574240,309.389591,1.875206,2033.111778,0.283813,3537.935745,0.494919,47.569255,0.283813,82.778020,0.494919
194,40042,0,0.4266167795,0.801384,788685.763048,799578.016782,798460.284472,797173.968315,10892.253734,1.381064,17161.428058,17398.438332,17374.117007,17346.127378,237.010274,1.381064,1117.732310,0.139986,2404.048467,0.301571,24.321325,0.139986,52.310954,0.301571
195,39267,0,0.4374246683,0.796827,854255.441427,870468.441183,867911.665022,866343.181877,16212.999756,1.897910,17352.211597,17681.540962,17629.606004,17597.745918,329.329365,1.897910,2556.776161,0.294589,4125.259306,0.476169,51.934959,0.294589,83.795044,0.476169
196,39671,0,0.4283848170,0.797131,845479.848980,860862.984138,863620.967900,853693.889867,15383.135158,1.819456,17077.549648,17388.268176,17443.975719,17243.462166,310.718528,1.819456,-2757.983762,-0.319351,7169.094271,0.839773,-55.707542,-0.319351,144.806010,0.839773
197,39829,0,0.4247697677,0.789927,736411.828492,746467.945621,745810.740827,744227.791687,10056.117129,1.365556,17423.308854,17661.233922,17645.684631,17608.232473,237.925068,1.365556,657.204794,0.088120,2240.153934,0.301004,15.549291,0.088120,53.001449,0.301004
198,39261,0,0.4369265388,0.793816,754009.834073,767478.588776,765028.042786,764477.174636,13468.754703,1.786284,16863.924046,17165.161571,17110.353504,17098.032977,301.237525,1.786284,2450.545990,0.320321,3001.414140,0.392610,54.808067,0.320321,67.128594,0.392610
199,39651,0,0.4343480104,0.797559,734913.668153,739861.459907,744672.996281,739536.800197,4947.791754,0.673248,17258.021903,17374.211195,17487.200793,17366.587192,116.189292,0.673248,-4811.536374,-0.646127,324.659710,0.043900,-112.989598,-0.646127,7.624004,0.043900
